CustomerID,Age,Gender,Tenure,MonthlyCharges,TotalCharges,Contract,InternetService,TechSupport,PaymentMethod,NumSupportCalls,SatisfactionScore,Churn,Churn_Label
CUST0001,56,Male,40,102.79,669.68,Month-to-month,Fiber optic,No,Bank transfer,7,4,0,No
CUST0002,69,Male,45,98.77,1722.67,One year,DSL,No,Electronic check,6,3,0,No
CUST0003,46,Male,62,82.44,3113.38,Month-to-month,DSL,No,Electronic check,3,3,0,No
CUST0004,32,Female,58,69.45,7858.19,Month-to-month,Fiber optic,No,Electronic check,0,5,1,Yes
CUST0005,60,Male,67,117.96,6300.41,One year,No,No,Electronic check,7,4,0,No
CUST0006,25,Male,56,34.5,5894.55,One year,DSL,Yes,Credit card,3,1,0,No
CUST0007,38,Male,40,92.52,1017.91,Month-to-month,Fiber optic,No,Credit card,2,4,0,No
CUST0008,56,Female,40,39.12,6269.87,Month-to-month,No,Yes,Bank transfer,8,1,1,Yes
CUST0009,36,Female,33,53.83,6303.62,Two year,Fiber optic,No,Bank transfer,9,4,0,No
CUST0010,40,Male,6,50.87,4848.71,Month-to-month,DSL,No,Mailed check,3,2,1,Yes
CUST0011,28,Male,19,114.7,7923.86,Month-to-month,DSL,Yes,Credit card,3,4,0,No
CUST0012,28,Male,40,116.74,2669.51,One year,Fiber optic,No,Electronic check,8,5,0,No
CUST0013,41,Male,59,38.3,7536.05,Month-to-month,Fiber optic,No,Electronic check,1,1,1,Yes
CUST0014,53,Female,59,22.2,7326.38,Month-to-month,No,Yes,Mailed check,4,3,0,No
CUST0015,57,Female,48,92.0,190.7,Month-to-month,Fiber optic,No,Electronic check,3,5,1,Yes
CUST0016,41,Female,41,61.8,3655.92,One year,DSL,Yes,Mailed check,8,1,0,No
CUST0017,20,Female,13,28.88,7819.12,One year,DSL,No,Bank transfer,4,1,0,No
CUST0018,39,Male,45,88.38,914.66,One year,Fiber optic,No,Credit card,8,3,0,No
CUST0019,19,Male,53,74.51,4427.5,Two year,DSL,Yes,Mailed check,8,2,0,No
CUST0020,41,Male,42,118.05,7833.76,One year,DSL,No,Electronic check,1,5,0,No
CUST0021,61,Female,63,42.74,4488.41,Month-to-month,Fiber optic,Yes,Mailed check,8,3,0,No
CUST0022,47,Male,27,60.4,1599.54,Month-to-month,DSL,Yes,Bank transfer,2,3,0,No
CUST0023,55,Female,38,74.25,4699.25,One year,DSL,Yes,Electronic check,3,2,0,No
CUST0024,19,Female,60,99.17,1715.08,One year,Fiber optic,No,Bank transfer,0,5,0,No
CUST0025,38,Male,7,74.88,4205.66,One year,DSL,No,Bank transfer,0,3,0,No
CUST0026,50,Male,5,81.29,684.93,One year,DSL,Yes,Mailed check,0,2,1,Yes
CUST0027,29,Male,45,42.61,4883.31,Month-to-month,Fiber optic,No,Bank transfer,8,5,0,No
CUST0028,39,Female,58,104.69,4182.64,Month-to-month,No,No,Electronic check,7,4,0,No
CUST0029,61,Male,31,62.86,5947.27,Month-to-month,DSL,No,Bank transfer,4,1,1,Yes
CUST0030,42,Female,23,34.1,5082.53,Month-to-month,Fiber optic,Yes,Bank transfer,4,2,1,Yes
CUST0031,66,Male,42,86.42,4441.89,Month-to-month,DSL,No,Mailed check,8,1,0,No
CUST0032,44,Female,10,41.61,5549.25,One year,Fiber optic,Yes,Bank transfer,2,4,0,No
CUST0033,59,Female,32,29.76,1237.14,One year,No,No,Credit card,2,3,0,No
CUST0034,45,Male,53,106.2,4803.34,Month-to-month,Fiber optic,No,Mailed check,6,3,0,No
CUST0035,33,Female,30,66.02,1459.67,Month-to-month,No,Yes,Mailed check,8,5,0,No
CUST0036,32,Female,39,94.93,7411.63,Month-to-month,DSL,No,Electronic check,5,2,0,No
CUST0037,64,Male,31,49.06,639.84,Month-to-month,DSL,Yes,Electronic check,1,2,1,Yes
CUST0038,68,Female,2,98.7,3499.96,One year,No,No,Electronic check,0,5,0,No
CUST0039,61,Male,12,31.19,5596.8,One year,DSL,Yes,Electronic check,1,1,0,No
CUST0040,69,Female,39,55.6,3718.38,One year,DSL,No,Credit card,0,3,0,No
CUST0041,20,Male,66,117.81,827.55,One year,Fiber optic,No,Mailed check,9,3,0,No
CUST0042,54,Male,13,99.4,4471.69,One year,No,No,Bank transfer,9,2,1,Yes
CUST0043,68,Female,46,69.73,5168.89,Month-to-month,No,Yes,Electronic check,8,2,0,No
CUST0044,24,Female,27,53.98,5659.96,Month-to-month,DSL,Yes,Electronic check,9,5,1,Yes
CUST0045,38,Female,17,107.21,3048.75,Month-to-month,No,Yes,Electronic check,7,4,0,No
CUST0046,26,Female,60,74.48,4552.91,Two year,DSL,No,Bank transfer,6,1,1,Yes
CUST0047,56,Female,64,95.84,3660.42,Month-to-month,DSL,Yes,Electronic check,2,4,0,No
CUST0048,35,Male,35,95.41,5409.24,Month-to-month,Fiber optic,Yes,Bank transfer,7,4,0,No
CUST0049,21,Female,70,21.79,4710.1,Two year,DSL,Yes,Mailed check,1,2,0,No
CUST0050,42,Male,30,32.63,4253.47,Two year,DSL,Yes,Mailed check,1,2,1,Yes
CUST0051,31,Male,71,85.96,2071.24,One year,Fiber optic,Yes,Mailed check,9,2,1,Yes
CUST0052,67,Female,63,36.16,115.95,Month-to-month,DSL,Yes,Credit card,2,4,0,No
CUST0053,26,Male,28,45.55,1475.25,Month-to-month,DSL,Yes,Bank transfer,6,1,1,Yes
CUST0054,43,Male,60,114.66,1024.82,Month-to-month,DSL,Yes,Electronic check,0,2,1,Yes
CUST0055,19,Male,37,76.02,3647.77,Month-to-month,Fiber optic,Yes,Electronic check,7,3,1,Yes
CUST0056,37,Male,22,95.07,4936.84,Month-to-month,Fiber optic,Yes,Electronic check,6,1,1,Yes
CUST0057,45,Female,68,75.8,1783.37,Month-to-month,Fiber optic,No,Electronic check,3,3,0,No
CUST0058,64,Male,20,75.25,7518.55,Two year,Fiber optic,No,Credit card,4,1,1,Yes
CUST0059,24,Female,68,29.42,152.79,Month-to-month,Fiber optic,Yes,Electronic check,9,2,1,Yes
CUST0060,61,Female,64,54.37,6201.18,One year,No,No,Credit card,0,5,0,No
CUST0061,25,Male,17,48.24,5039.12,One year,DSL,No,Bank transfer,3,2,0,No
CUST0062,64,Female,12,59.07,3051.08,Month-to-month,DSL,Yes,Mailed check,0,4,1,Yes
CUST0063,52,Female,22,99.83,498.86,One year,No,Yes,Electronic check,0,4,0,No
CUST0064,31,Female,17,57.19,5057.14,Month-to-month,DSL,Yes,Mailed check,9,1,0,No
CUST0065,34,Male,10,65.17,3146.35,Month-to-month,No,No,Bank transfer,0,4,0,No
CUST0066,53,Female,65,59.74,7496.51,One year,Fiber optic,Yes,Bank transfer,6,2,0,No
CUST0067,67,Female,22,29.34,4381.72,Month-to-month,Fiber optic,No,Electronic check,6,3,0,No
CUST0068,57,Female,50,64.11,7523.25,Two year,Fiber optic,Yes,Bank transfer,3,2,1,Yes
CUST0069,21,Male,14,39.56,1841.82,Month-to-month,Fiber optic,No,Mailed check,1,1,1,Yes
CUST0070,19,Female,64,38.67,5833.23,One year,DSL,No,Electronic check,2,4,0,No
CUST0071,23,Male,47,29.4,4976.27,Month-to-month,Fiber optic,Yes,Credit card,7,3,0,No
CUST0072,59,Male,29,55.67,5941.33,Month-to-month,Fiber optic,Yes,Electronic check,7,5,1,Yes
CUST0073,21,Male,36,95.75,1795.88,Month-to-month,No,No,Mailed check,5,3,0,No
CUST0074,46,Male,52,47.64,5353.46,One year,DSL,No,Electronic check,9,3,0,No
CUST0075,35,Male,7,51.23,4034.52,Two year,DSL,Yes,Electronic check,8,2,1,Yes
CUST0076,43,Male,29,84.27,5968.32,Two year,DSL,Yes,Mailed check,8,5,0,No
CUST0077,61,Female,11,39.58,2683.65,Month-to-month,Fiber optic,No,Electronic check,3,1,1,Yes
CUST0078,51,Male,33,109.7,7131.45,One year,No,Yes,Electronic check,0,1,1,Yes
CUST0079,27,Female,6,72.02,765.98,One year,DSL,No,Mailed check,0,3,1,Yes
CUST0080,53,Female,32,64.76,6476.8,One year,Fiber optic,Yes,Bank transfer,9,3,0,No
CUST0081,31,Male,51,75.78,6904.43,Month-to-month,DSL,Yes,Mailed check,4,4,1,Yes
CUST0082,48,Female,58,36.6,6556.29,One year,Fiber optic,Yes,Electronic check,1,5,0,No
CUST0083,65,Female,26,81.35,4150.54,Two year,No,No,Credit card,5,3,0,No
CUST0084,32,Female,46,56.31,3563.24,Month-to-month,DSL,Yes,Credit card,6,4,1,Yes
CUST0085,25,Female,29,109.72,7970.47,Two year,Fiber optic,No,Mailed check,0,5,0,No
CUST0086,31,Male,4,36.89,1910.46,One year,No,Yes,Credit card,5,1,1,Yes
CUST0087,40,Female,13,70.71,4420.32,Month-to-month,No,No,Electronic check,7,4,0,No
CUST0088,57,Male,39,79.81,5398.34,Month-to-month,Fiber optic,No,Electronic check,4,5,0,No
CUST0089,38,Female,15,23.34,5636.85,Month-to-month,Fiber optic,Yes,Mailed check,6,4,0,No
CUST0090,33,Female,29,56.37,1711.79,One year,DSL,No,Electronic check,9,3,0,No
CUST0091,62,Male,29,93.26,5266.55,Two year,Fiber optic,No,Bank transfer,5,2,0,No
CUST0092,35,Female,32,102.04,6565.12,Month-to-month,No,No,Electronic check,3,1,1,Yes
CUST0093,64,Female,2,51.32,495.15,Two year,Fiber optic,No,Mailed check,6,3,1,Yes
CUST0094,41,Female,47,99.86,7301.02,Two year,DSL,Yes,Bank transfer,9,3,0,No
CUST0095,43,Male,22,116.78,333.08,Month-to-month,DSL,Yes,Bank transfer,8,5,0,No
CUST0096,42,Female,27,105.69,2912.17,Two year,DSL,Yes,Credit card,9,4,0,No
CUST0097,62,Male,67,31.76,224.92,Two year,DSL,No,Electronic check,9,1,0,No
CUST0098,58,Female,56,93.97,709.45,One year,DSL,No,Mailed check,6,3,0,No
CUST0099,46,Male,21,51.97,7298.23,One year,Fiber optic,Yes,Credit card,4,5,0,No
CUST0100,32,Male,47,118.84,2903.4,Two year,DSL,Yes,Credit card,6,1,1,Yes
CUST0101,62,Female,59,68.54,3455.7,One year,DSL,No,Electronic check,2,4,0,No
CUST0102,18,Female,6,32.24,1801.22,Month-to-month,Fiber optic,Yes,Electronic check,1,3,1,Yes
CUST0103,42,Male,19,92.52,4817.06,Two year,DSL,Yes,Mailed check,4,3,0,No
CUST0104,24,Male,57,52.3,4798.95,One year,DSL,No,Credit card,3,3,0,No
CUST0105,26,Female,69,119.71,3040.38,One year,DSL,Yes,Mailed check,4,1,0,No
CUST0106,41,Male,3,117.98,2730.98,Month-to-month,DSL,No,Credit card,7,1,1,Yes
CUST0107,18,Female,1,85.61,7091.22,One year,Fiber optic,Yes,Credit card,3,1,0,No
CUST0108,61,Female,58,32.98,3127.95,Month-to-month,DSL,No,Credit card,8,1,0,No
CUST0109,25,Female,38,88.69,3998.66,Two year,Fiber optic,No,Electronic check,6,5,0,No
CUST0110,41,Female,15,29.3,2338.11,Month-to-month,No,No,Credit card,9,2,1,Yes
CUST0111,28,Male,34,22.94,6315.48,Month-to-month,Fiber optic,No,Credit card,6,5,0,No
CUST0112,68,Female,61,102.3,3239.84,Month-to-month,Fiber optic,No,Credit card,7,3,1,Yes
CUST0113,34,Male,35,40.98,4157.53,Month-to-month,No,Yes,Bank transfer,5,5,0,No
CUST0114,25,Female,64,57.9,2101.52,One year,Fiber optic,Yes,Electronic check,7,4,0,No
CUST0115,52,Male,25,117.35,7902.51,Two year,DSL,Yes,Bank transfer,2,1,1,Yes
CUST0116,52,Female,24,53.68,2402.82,Two year,DSL,No,Electronic check,9,4,0,No
CUST0117,50,Male,12,49.65,6188.87,Month-to-month,No,Yes,Mailed check,9,4,0,No
CUST0118,22,Male,18,111.82,3477.22,Month-to-month,DSL,No,Bank transfer,0,3,0,No
CUST0119,59,Female,15,31.07,1729.12,Two year,DSL,No,Mailed check,5,1,1,Yes
CUST0120,56,Female,27,95.96,6417.78,Two year,Fiber optic,Yes,Credit card,0,4,0,No
CUST0121,58,Female,60,118.81,2735.49,Month-to-month,No,No,Mailed check,8,3,1,Yes
CUST0122,45,Female,46,110.13,6935.03,Month-to-month,DSL,Yes,Mailed check,1,1,1,Yes
CUST0123,24,Male,17,85.17,7330.53,Month-to-month,Fiber optic,No,Mailed check,1,2,1,Yes
CUST0124,26,Female,53,51.41,6892.61,Two year,DSL,No,Mailed check,6,3,0,No
CUST0125,25,Male,8,45.43,376.56,One year,Fiber optic,Yes,Electronic check,1,5,0,No
CUST0126,29,Male,27,101.93,6320.25,Month-to-month,DSL,No,Bank transfer,9,1,1,Yes
CUST0127,51,Female,46,107.98,3349.58,Month-to-month,DSL,Yes,Electronic check,7,4,1,Yes
CUST0128,50,Male,50,72.54,7002.41,Two year,No,No,Electronic check,5,4,0,No
CUST0129,65,Male,71,44.43,5139.84,Month-to-month,Fiber optic,Yes,Electronic check,6,5,1,Yes
CUST0130,40,Male,3,31.29,6685.78,Month-to-month,Fiber optic,No,Mailed check,6,5,0,No
CUST0131,41,Male,64,28.72,4045.51,One year,Fiber optic,Yes,Electronic check,5,4,0,No
CUST0132,54,Female,44,91.91,4326.7,Month-to-month,DSL,Yes,Bank transfer,9,1,1,Yes
CUST0133,52,Female,53,62.01,1240.66,Month-to-month,Fiber optic,No,Electronic check,8,3,0,No
CUST0134,61,Female,24,110.54,6293.5,Two year,DSL,Yes,Credit card,8,5,0,No
CUST0135,57,Female,60,93.97,3413.18,Two year,DSL,No,Mailed check,6,5,0,No
CUST0136,39,Male,3,39.13,4050.63,Two year,DSL,No,Credit card,8,5,1,Yes
CUST0137,44,Male,20,81.38,6302.27,Two year,Fiber optic,Yes,Bank transfer,9,2,0,No
CUST0138,52,Female,46,63.55,4830.88,One year,No,Yes,Bank transfer,2,1,0,No
CUST0139,18,Female,15,77.72,1688.68,Two year,No,Yes,Bank transfer,2,1,1,Yes
CUST0140,52,Female,25,93.81,4762.84,Month-to-month,Fiber optic,Yes,Bank transfer,0,1,1,Yes
CUST0141,54,Male,71,100.62,3320.3,One year,DSL,Yes,Electronic check,4,1,1,Yes
CUST0142,64,Female,17,104.37,3809.25,Two year,Fiber optic,No,Mailed check,3,1,0,No
CUST0143,31,Female,9,45.4,323.66,Month-to-month,No,Yes,Bank transfer,1,4,0,No
CUST0144,20,Female,38,23.11,1759.23,Month-to-month,DSL,No,Credit card,8,5,0,No
CUST0145,18,Male,48,93.93,2320.2,Month-to-month,No,Yes,Bank transfer,2,4,1,Yes
CUST0146,22,Male,60,30.63,5732.38,Month-to-month,DSL,Yes,Mailed check,7,2,1,Yes
CUST0147,43,Male,63,51.49,190.79,Month-to-month,No,Yes,Credit card,5,3,1,Yes
CUST0148,31,Male,2,20.38,3329.34,Two year,No,No,Credit card,4,5,0,No
CUST0149,56,Male,11,88.17,7399.81,Two year,No,Yes,Credit card,0,2,0,No
CUST0150,44,Male,64,36.71,983.86,Month-to-month,DSL,No,Electronic check,3,4,1,Yes
CUST0151,26,Male,21,85.53,4179.75,Month-to-month,DSL,No,Bank transfer,2,3,1,Yes
CUST0152,32,Male,18,119.17,6313.53,Month-to-month,DSL,No,Electronic check,0,2,1,Yes
CUST0153,32,Female,64,27.27,7546.0,Two year,DSL,Yes,Credit card,4,3,0,No
CUST0154,43,Female,38,27.71,5999.54,Month-to-month,DSL,No,Electronic check,5,2,0,No
CUST0155,59,Male,32,54.04,5792.47,Month-to-month,Fiber optic,Yes,Electronic check,1,4,0,No
CUST0156,30,Male,11,106.64,6629.26,Month-to-month,Fiber optic,No,Electronic check,2,3,0,No
CUST0157,68,Female,45,41.55,3624.99,Month-to-month,Fiber optic,Yes,Bank transfer,5,2,1,Yes
CUST0158,49,Male,33,56.04,6466.17,Month-to-month,Fiber optic,No,Credit card,3,4,0,No
CUST0159,56,Male,41,26.85,162.92,Two year,DSL,Yes,Credit card,8,5,0,No
CUST0160,66,Male,8,96.32,7404.03,One year,No,Yes,Bank transfer,4,4,0,No
CUST0161,69,Female,11,60.83,3602.12,One year,DSL,Yes,Electronic check,3,4,0,No
CUST0162,49,Female,51,95.92,4471.7,Month-to-month,Fiber optic,No,Electronic check,1,5,1,Yes
CUST0163,21,Female,41,110.36,2113.57,One year,Fiber optic,No,Mailed check,5,4,0,No
CUST0164,47,Female,17,43.28,5965.99,One year,No,Yes,Mailed check,9,5,0,No
CUST0165,54,Female,46,100.74,705.42,Month-to-month,DSL,No,Mailed check,1,5,0,No
CUST0166,40,Male,32,25.91,6993.82,One year,Fiber optic,No,Bank transfer,6,5,0,No
CUST0167,56,Female,54,109.88,6642.12,Month-to-month,Fiber optic,No,Credit card,2,2,1,Yes
CUST0168,62,Male,20,85.08,1806.87,Two year,DSL,No,Mailed check,8,3,0,No
CUST0169,32,Male,33,107.42,6493.66,Month-to-month,Fiber optic,No,Credit card,4,2,1,Yes
CUST0170,60,Female,40,20.02,6312.23,Two year,No,No,Credit card,7,5,1,Yes
CUST0171,46,Female,32,36.91,5094.51,Month-to-month,No,No,Credit card,5,3,1,Yes
CUST0172,53,Male,2,58.98,3050.81,One year,DSL,Yes,Bank transfer,9,3,1,Yes
CUST0173,30,Male,33,57.95,2244.84,One year,DSL,Yes,Bank transfer,7,5,1,Yes
CUST0174,49,Male,30,42.67,1931.09,One year,DSL,No,Bank transfer,2,3,0,No
CUST0175,24,Female,33,58.16,2617.01,Month-to-month,DSL,Yes,Bank transfer,2,3,0,No
CUST0176,68,Female,26,32.88,7238.11,Month-to-month,DSL,Yes,Mailed check,4,2,1,Yes
CUST0177,39,Female,22,61.28,713.36,One year,DSL,Yes,Electronic check,9,3,0,No
CUST0178,45,Female,66,100.24,6648.08,Month-to-month,No,No,Electronic check,2,5,0,No
CUST0179,19,Female,38,67.91,2856.23,Month-to-month,No,No,Electronic check,7,1,1,Yes
CUST0180,59,Male,46,21.8,4220.64,One year,DSL,No,Mailed check,9,1,1,Yes
CUST0181,62,Female,15,62.14,6376.44,One year,DSL,No,Electronic check,7,1,1,Yes
CUST0182,23,Male,44,22.72,7086.57,Month-to-month,Fiber optic,No,Mailed check,1,5,0,No
CUST0183,45,Male,49,116.62,2823.77,Month-to-month,DSL,Yes,Mailed check,3,1,1,Yes
CUST0184,45,Male,61,32.75,3748.56,Month-to-month,Fiber optic,No,Mailed check,9,2,1,Yes
CUST0185,61,Female,67,90.77,3374.68,One year,Fiber optic,Yes,Electronic check,0,5,0,No
CUST0186,61,Female,6,117.28,204.68,One year,No,No,Credit card,3,5,0,No
CUST0187,37,Female,9,102.6,2437.95,Two year,Fiber optic,Yes,Electronic check,3,5,0,No
CUST0188,47,Male,6,89.93,3727.59,Two year,Fiber optic,No,Electronic check,9,3,0,No
CUST0189,28,Male,32,103.95,3347.64,Month-to-month,Fiber optic,No,Bank transfer,8,3,0,No
CUST0190,45,Male,41,118.18,5803.24,Month-to-month,DSL,No,Mailed check,2,3,1,Yes
CUST0191,42,Male,8,82.13,3139.95,Month-to-month,Fiber optic,No,Credit card,1,4,1,Yes
CUST0192,56,Male,50,75.92,3966.07,Month-to-month,Fiber optic,No,Bank transfer,8,2,1,Yes
CUST0193,50,Male,62,82.82,3493.91,Two year,DSL,No,Credit card,8,5,1,Yes
CUST0194,18,Female,62,73.27,5950.95,One year,DSL,Yes,Credit card,0,5,0,No
CUST0195,44,Female,7,83.51,6917.48,Month-to-month,DSL,No,Mailed check,5,3,0,No
CUST0196,69,Female,4,64.98,4301.92,Month-to-month,No,Yes,Electronic check,9,5,1,Yes
CUST0197,30,Female,6,41.84,6336.51,One year,DSL,No,Mailed check,7,5,1,Yes
CUST0198,58,Male,58,32.02,2444.61,One year,DSL,Yes,Mailed check,2,1,0,No
CUST0199,20,Male,22,26.83,4376.82,Month-to-month,DSL,Yes,Bank transfer,8,5,1,Yes
CUST0200,56,Female,26,46.33,2827.32,Two year,Fiber optic,Yes,Mailed check,1,4,0,No
CUST0201,23,Male,3,24.61,3372.19,One year,DSL,Yes,Electronic check,5,3,0,No
CUST0202,25,Female,41,76.72,5886.07,Month-to-month,No,Yes,Credit card,0,2,1,Yes
CUST0203,44,Female,60,48.38,7065.13,Two year,No,Yes,Mailed check,6,2,1,Yes
CUST0204,26,Female,14,102.45,1059.81,Month-to-month,Fiber optic,No,Credit card,2,1,1,Yes
CUST0205,54,Male,12,27.42,5113.65,Two year,Fiber optic,Yes,Mailed check,6,2,0,No
CUST0206,50,Female,12,42.64,4698.94,Two year,DSL,No,Credit card,3,2,1,Yes
CUST0207,68,Female,13,93.02,1035.48,One year,DSL,No,Mailed check,8,3,0,No
CUST0208,59,Female,25,79.88,1773.97,One year,Fiber optic,Yes,Bank transfer,4,3,0,No
CUST0209,61,Male,45,26.45,2556.92,Month-to-month,DSL,Yes,Credit card,2,4,1,Yes
CUST0210,41,Male,19,107.72,1418.76,Two year,DSL,No,Mailed check,7,1,1,Yes
CUST0211,32,Female,55,107.73,2025.46,One year,Fiber optic,Yes,Mailed check,5,2,1,Yes
CUST0212,49,Male,45,53.04,2214.05,One year,DSL,Yes,Bank transfer,1,4,0,No
CUST0213,49,Male,8,54.04,2751.82,Two year,No,Yes,Bank transfer,2,1,0,No
CUST0214,41,Male,53,118.9,6020.18,Two year,DSL,Yes,Bank transfer,7,2,1,Yes
CUST0215,58,Male,55,82.62,4618.11,Two year,Fiber optic,Yes,Credit card,9,2,1,Yes
CUST0216,69,Male,32,73.13,7891.35,Month-to-month,Fiber optic,Yes,Credit card,6,3,0,No
CUST0217,66,Male,51,103.82,3376.41,Two year,Fiber optic,Yes,Bank transfer,9,5,1,Yes
CUST0218,66,Male,44,48.53,6055.53,One year,DSL,No,Electronic check,5,1,0,No
CUST0219,69,Male,70,62.92,6984.6,Two year,Fiber optic,Yes,Electronic check,0,2,0,No
CUST0220,29,Male,18,46.78,5463.93,One year,No,No,Mailed check,8,1,1,Yes
CUST0221,56,Male,22,98.92,3353.73,Month-to-month,Fiber optic,No,Electronic check,2,4,1,Yes
CUST0222,19,Female,37,77.33,6053.4,Month-to-month,DSL,No,Mailed check,4,4,0,No
CUST0223,20,Female,56,85.88,1708.97,One year,Fiber optic,No,Credit card,6,5,0,No
CUST0224,66,Male,59,45.23,2687.66,One year,Fiber optic,Yes,Credit card,6,2,1,Yes
CUST0225,54,Female,3,42.02,4418.81,Month-to-month,Fiber optic,No,Electronic check,2,3,1,Yes
CUST0226,66,Female,28,68.84,4645.73,One year,No,No,Credit card,3,2,0,No
CUST0227,34,Male,35,93.76,274.92,Month-to-month,DSL,No,Bank transfer,9,1,1,Yes
CUST0228,66,Male,61,72.52,7566.4,Two year,Fiber optic,No,Bank transfer,6,4,1,Yes
CUST0229,19,Male,54,23.26,5603.36,Month-to-month,Fiber optic,No,Electronic check,7,1,1,Yes
CUST0230,19,Female,63,106.86,4016.06,Month-to-month,Fiber optic,Yes,Electronic check,1,5,1,Yes
CUST0231,45,Female,7,26.47,7471.71,Month-to-month,No,Yes,Mailed check,8,4,1,Yes
CUST0232,40,Male,49,115.58,3568.85,Month-to-month,No,No,Credit card,6,3,0,No
CUST0233,54,Male,31,22.51,7845.44,Month-to-month,Fiber optic,Yes,Mailed check,7,4,0,No
CUST0234,49,Male,58,89.45,4147.05,Month-to-month,DSL,Yes,Mailed check,5,2,1,Yes
CUST0235,50,Female,61,28.22,1002.86,Month-to-month,DSL,No,Bank transfer,5,2,1,Yes
CUST0236,18,Female,24,111.07,6141.93,Two year,Fiber optic,No,Bank transfer,8,4,0,No
CUST0237,36,Female,20,66.44,5463.29,Two year,No,No,Bank transfer,3,5,0,No
CUST0238,19,Female,37,33.75,6206.6,Month-to-month,DSL,Yes,Bank transfer,4,2,0,No
CUST0239,61,Male,4,54.08,7616.39,Two year,DSL,No,Mailed check,8,2,1,Yes
CUST0240,43,Male,20,36.48,6234.27,Month-to-month,DSL,Yes,Bank transfer,0,3,0,No
CUST0241,49,Male,60,37.06,4929.56,One year,No,Yes,Credit card,3,4,0,No
CUST0242,23,Male,24,114.81,6872.74,One year,DSL,Yes,Bank transfer,6,2,0,No
CUST0243,49,Female,50,64.52,5418.65,Month-to-month,Fiber optic,No,Bank transfer,8,5,1,Yes
CUST0244,21,Female,49,98.88,3324.14,Month-to-month,Fiber optic,Yes,Bank transfer,9,1,1,Yes
CUST0245,28,Male,51,83.96,7096.4,Month-to-month,No,No,Electronic check,5,4,1,Yes
CUST0246,34,Male,36,87.64,1853.01,Month-to-month,Fiber optic,No,Credit card,7,3,0,No
CUST0247,55,Female,66,33.17,5745.67,One year,Fiber optic,No,Credit card,8,2,0,No
CUST0248,41,Male,34,43.42,7064.35,Month-to-month,DSL,No,Mailed check,9,5,0,No
CUST0249,22,Female,36,98.68,5877.4,Month-to-month,Fiber optic,No,Mailed check,3,4,0,No
CUST0250,69,Male,6,117.08,5608.48,Month-to-month,Fiber optic,Yes,Bank transfer,0,5,0,No
CUST0251,51,Male,39,46.27,6045.84,Month-to-month,No,Yes,Electronic check,7,5,1,Yes
CUST0252,23,Male,42,47.16,3773.94,One year,DSL,Yes,Mailed check,1,3,0,No
CUST0253,39,Male,58,67.29,7005.95,Month-to-month,DSL,Yes,Mailed check,0,4,0,No
CUST0254,28,Male,12,118.38,1707.15,Two year,DSL,Yes,Bank transfer,6,2,0,No
CUST0255,65,Male,3,46.9,1106.35,Month-to-month,DSL,No,Bank transfer,9,3,0,No
CUST0256,33,Male,18,60.7,2355.52,Month-to-month,No,No,Mailed check,8,2,1,Yes
CUST0257,50,Female,40,109.15,4299.46,One year,DSL,Yes,Mailed check,8,1,1,Yes
CUST0258,26,Female,21,20.29,4133.44,Month-to-month,Fiber optic,Yes,Credit card,2,5,0,No
CUST0259,23,Female,15,23.98,6582.73,One year,DSL,Yes,Electronic check,5,1,1,Yes
CUST0260,33,Female,26,80.41,3296.09,One year,DSL,No,Credit card,6,5,1,Yes
CUST0261,46,Female,8,110.74,3926.32,Month-to-month,Fiber optic,No,Mailed check,9,3,0,No
CUST0262,20,Male,42,43.89,205.6,Month-to-month,DSL,No,Credit card,8,2,0,No
CUST0263,37,Male,44,66.96,3336.94,Month-to-month,DSL,Yes,Credit card,1,2,1,Yes
CUST0264,53,Female,14,65.05,5217.42,Month-to-month,Fiber optic,Yes,Mailed check,7,3,0,No
CUST0265,36,Male,2,67.3,222.52,Month-to-month,Fiber optic,Yes,Bank transfer,6,4,0,No
CUST0266,43,Female,37,82.25,2318.97,Month-to-month,DSL,Yes,Mailed check,3,1,0,No
CUST0267,20,Female,69,66.97,1742.86,Month-to-month,No,No,Bank transfer,1,1,0,No
CUST0268,36,Male,38,64.75,431.68,One year,Fiber optic,Yes,Mailed check,7,2,1,Yes
CUST0269,37,Male,41,67.43,3886.15,One year,Fiber optic,Yes,Mailed check,4,2,1,Yes
CUST0270,49,Male,62,79.09,1535.61,One year,DSL,Yes,Mailed check,5,2,1,Yes
CUST0271,24,Female,60,73.7,5970.34,Month-to-month,DSL,No,Electronic check,6,3,1,Yes
CUST0272,69,Male,14,105.41,6798.63,Month-to-month,DSL,No,Bank transfer,9,4,1,Yes
CUST0273,58,Female,2,24.95,4410.12,Two year,DSL,Yes,Electronic check,0,1,1,Yes
CUST0274,50,Female,70,103.33,7855.49,One year,Fiber optic,No,Mailed check,7,5,1,Yes
CUST0275,57,Female,17,104.39,3658.78,Two year,No,No,Credit card,3,3,0,No
CUST0276,56,Male,28,48.49,4155.61,Month-to-month,Fiber optic,No,Electronic check,8,1,1,Yes
CUST0277,35,Male,66,66.29,7914.82,One year,DSL,No,Bank transfer,0,4,0,No
CUST0278,57,Female,35,63.85,1929.23,One year,Fiber optic,No,Mailed check,1,3,0,No
CUST0279,18,Male,5,41.85,7546.11,Month-to-month,DSL,Yes,Electronic check,5,1,1,Yes
CUST0280,28,Male,65,59.68,438.42,Month-to-month,Fiber optic,Yes,Credit card,9,3,0,No
CUST0281,45,Male,40,24.44,3626.46,One year,Fiber optic,Yes,Electronic check,0,1,1,Yes
CUST0282,42,Female,56,47.78,653.03,Month-to-month,Fiber optic,No,Bank transfer,3,1,0,No
CUST0283,67,Female,36,101.67,5860.95,Month-to-month,No,No,Electronic check,7,4,0,No
CUST0284,40,Male,45,48.46,4906.43,One year,DSL,No,Credit card,9,5,0,No
CUST0285,48,Female,23,101.82,5682.41,Two year,Fiber optic,No,Credit card,4,4,0,No
CUST0286,47,Male,47,73.16,3058.4,Month-to-month,No,Yes,Bank transfer,8,1,1,Yes
CUST0287,59,Male,31,107.99,3018.91,Month-to-month,Fiber optic,Yes,Credit card,5,3,1,Yes
CUST0288,52,Male,11,77.48,458.02,Month-to-month,Fiber optic,Yes,Mailed check,0,4,1,Yes
CUST0289,24,Male,10,22.97,2864.57,One year,No,Yes,Credit card,5,5,0,No
CUST0290,33,Female,67,87.54,7441.38,Month-to-month,DSL,Yes,Mailed check,5,1,1,Yes
CUST0291,43,Female,14,24.49,3095.89,Two year,No,Yes,Electronic check,5,4,0,No
CUST0292,65,Female,10,65.06,6667.8,Month-to-month,DSL,No,Mailed check,7,4,1,Yes
CUST0293,69,Male,1,112.94,6754.37,Month-to-month,Fiber optic,No,Mailed check,5,4,1,Yes
CUST0294,66,Male,5,36.52,3048.61,One year,No,Yes,Electronic check,4,4,0,No
CUST0295,19,Male,20,58.99,5092.71,Two year,DSL,No,Credit card,1,3,0,No
CUST0296,18,Female,8,92.99,853.44,Month-to-month,Fiber optic,Yes,Mailed check,3,5,1,Yes
CUST0297,65,Male,43,108.23,919.06,Month-to-month,DSL,Yes,Credit card,9,5,0,No
CUST0298,29,Female,1,87.09,484.4,Two year,No,No,Electronic check,4,1,1,Yes
CUST0299,22,Female,57,45.82,4690.02,Month-to-month,No,Yes,Bank transfer,9,2,1,Yes
CUST0300,54,Female,64,87.46,3465.96,Two year,Fiber optic,Yes,Credit card,3,3,0,No
CUST0301,49,Female,28,49.67,4429.46,Month-to-month,Fiber optic,Yes,Credit card,1,1,0,No
CUST0302,26,Female,37,91.84,4216.48,One year,No,No,Bank transfer,6,1,0,No
CUST0303,58,Female,47,115.4,2866.6,One year,DSL,No,Bank transfer,9,4,0,No
CUST0304,52,Male,37,92.14,5452.04,Month-to-month,Fiber optic,No,Electronic check,9,2,1,Yes
CUST0305,36,Male,49,106.29,6092.16,Two year,Fiber optic,No,Credit card,1,2,0,No
CUST0306,65,Female,44,20.21,215.56,Month-to-month,DSL,Yes,Credit card,0,3,0,No
CUST0307,33,Female,56,91.76,1737.21,Month-to-month,DSL,No,Electronic check,4,2,1,Yes
CUST0308,20,Male,28,102.96,5734.56,One year,DSL,No,Credit card,0,1,0,No
CUST0309,37,Female,6,24.06,3154.3,Month-to-month,DSL,No,Mailed check,0,2,1,Yes
CUST0310,41,Female,61,107.16,5333.62,One year,No,Yes,Mailed check,0,2,1,Yes
CUST0311,50,Male,20,45.67,2841.01,Month-to-month,Fiber optic,No,Mailed check,5,5,0,No
CUST0312,41,Female,2,86.53,3186.97,Month-to-month,Fiber optic,No,Credit card,8,1,1,Yes
CUST0313,69,Female,37,100.04,1353.56,Month-to-month,DSL,Yes,Mailed check,9,2,1,Yes
CUST0314,28,Female,20,86.27,2140.03,Month-to-month,DSL,Yes,Mailed check,0,2,1,Yes
CUST0315,66,Male,26,29.23,4882.75,Month-to-month,DSL,Yes,Electronic check,4,4,0,No
CUST0316,25,Male,29,79.63,3521.99,One year,Fiber optic,Yes,Electronic check,8,2,0,No
CUST0317,53,Male,1,74.96,6216.99,Two year,Fiber optic,No,Bank transfer,8,2,1,Yes
CUST0318,55,Female,35,110.03,6835.42,Two year,No,Yes,Bank transfer,0,5,0,No
CUST0319,57,Female,70,60.42,4379.01,Month-to-month,Fiber optic,No,Bank transfer,7,1,1,Yes
CUST0320,37,Male,59,52.11,6090.31,Month-to-month,Fiber optic,No,Bank transfer,0,3,0,No
CUST0321,52,Female,69,94.99,2524.55,Month-to-month,Fiber optic,No,Electronic check,7,1,1,Yes
CUST0322,65,Female,33,61.27,3378.27,Month-to-month,No,No,Electronic check,0,4,0,No
CUST0323,42,Female,51,84.61,5730.94,One year,Fiber optic,No,Electronic check,4,1,1,Yes
CUST0324,52,Female,12,84.65,3151.07,Month-to-month,DSL,Yes,Mailed check,7,2,1,Yes
CUST0325,42,Female,20,108.8,4749.19,Month-to-month,Fiber optic,No,Mailed check,5,4,0,No
CUST0326,46,Male,53,79.87,1564.44,Two year,Fiber optic,No,Bank transfer,8,1,1,Yes
CUST0327,35,Female,43,70.22,4838.19,Month-to-month,Fiber optic,No,Mailed check,0,4,0,No
CUST0328,63,Male,50,33.89,6905.96,Month-to-month,DSL,Yes,Credit card,8,3,0,No
CUST0329,35,Female,29,31.57,6962.25,Month-to-month,No,No,Electronic check,0,1,1,Yes
CUST0330,19,Male,57,35.43,5822.32,Month-to-month,No,No,Bank transfer,9,2,1,Yes
CUST0331,52,Female,39,37.18,5991.45,Two year,DSL,Yes,Bank transfer,9,4,0,No
CUST0332,33,Male,56,83.79,4507.63,Month-to-month,No,No,Credit card,2,5,0,No
CUST0333,58,Female,43,94.1,4718.88,Month-to-month,DSL,No,Mailed check,0,4,0,No
CUST0334,53,Male,50,73.0,1155.84,Month-to-month,DSL,Yes,Bank transfer,2,5,1,Yes
CUST0335,50,Female,23,102.9,3606.49,Month-to-month,DSL,No,Mailed check,1,2,1,Yes
CUST0336,21,Male,44,119.13,3661.13,Month-to-month,DSL,No,Mailed check,1,3,1,Yes
CUST0337,50,Female,38,102.0,7672.13,Two year,No,No,Credit card,8,5,0,No
CUST0338,31,Male,23,89.49,3505.59,Two year,DSL,No,Bank transfer,7,3,0,No
CUST0339,38,Male,45,73.25,4439.81,One year,DSL,No,Mailed check,0,4,0,No
CUST0340,65,Female,52,64.89,4312.69,Month-to-month,DSL,Yes,Mailed check,3,2,1,Yes
CUST0341,37,Female,50,28.44,5130.42,Two year,DSL,Yes,Credit card,0,5,0,No
CUST0342,25,Male,8,59.94,6011.04,One year,DSL,Yes,Credit card,0,4,0,No
CUST0343,24,Female,1,111.01,1877.83,Month-to-month,Fiber optic,No,Mailed check,3,1,1,Yes
CUST0344,20,Male,8,100.8,4276.92,One year,DSL,No,Credit card,1,4,0,No
CUST0345,34,Male,29,41.61,6624.75,Month-to-month,No,No,Mailed check,2,3,1,Yes
CUST0346,50,Male,5,66.66,3758.61,Month-to-month,No,Yes,Bank transfer,8,2,1,Yes
CUST0347,65,Female,47,101.67,2299.81,One year,DSL,No,Electronic check,1,2,0,No
CUST0348,29,Male,34,26.74,5272.2,Month-to-month,No,No,Credit card,3,4,0,No
CUST0349,68,Male,65,58.74,6607.76,One year,DSL,No,Electronic check,0,1,0,No
CUST0350,39,Female,55,105.18,598.81,Month-to-month,DSL,Yes,Mailed check,1,3,0,No
CUST0351,39,Female,43,60.39,6236.64,Two year,DSL,Yes,Mailed check,4,4,0,No
CUST0352,63,Female,30,27.76,6591.02,Two year,DSL,No,Mailed check,9,4,1,Yes
CUST0353,47,Female,17,74.25,3746.03,Two year,Fiber optic,No,Electronic check,0,2,0,No
CUST0354,55,Male,26,106.17,7868.11,Month-to-month,Fiber optic,No,Mailed check,6,3,0,No
CUST0355,55,Male,8,79.03,6315.0,Month-to-month,DSL,Yes,Credit card,3,1,1,Yes
CUST0356,62,Male,47,42.63,6211.93,Month-to-month,Fiber optic,Yes,Bank transfer,5,2,1,Yes
CUST0357,68,Male,46,58.42,6007.92,Month-to-month,DSL,Yes,Bank transfer,7,4,1,Yes
CUST0358,25,Female,68,65.01,1289.8,Month-to-month,Fiber optic,No,Credit card,5,2,1,Yes
CUST0359,44,Male,33,77.93,1816.12,One year,DSL,Yes,Bank transfer,1,2,1,Yes
CUST0360,44,Male,1,95.94,3765.52,One year,DSL,No,Electronic check,0,5,0,No
CUST0361,51,Female,19,29.89,2185.63,Two year,DSL,No,Mailed check,7,2,0,No
CUST0362,38,Male,31,108.97,3380.4,Month-to-month,DSL,Yes,Mailed check,7,2,1,Yes
CUST0363,47,Male,14,21.23,7118.87,Month-to-month,Fiber optic,No,Mailed check,8,3,1,Yes
CUST0364,50,Male,53,57.01,6612.18,Month-to-month,No,Yes,Electronic check,5,2,1,Yes
CUST0365,45,Male,48,22.74,5077.32,Two year,DSL,No,Electronic check,0,1,0,No
CUST0366,64,Male,69,59.3,6879.15,One year,Fiber optic,No,Electronic check,8,4,0,No
CUST0367,50,Male,62,72.58,6291.8,Two year,Fiber optic,Yes,Credit card,2,3,0,No
CUST0368,22,Female,66,71.17,3488.98,Two year,No,No,Electronic check,5,2,0,No
CUST0369,65,Female,64,36.56,1688.41,One year,DSL,No,Bank transfer,9,1,1,Yes
CUST0370,36,Male,70,84.57,4162.19,Month-to-month,Fiber optic,No,Credit card,9,4,0,No
CUST0371,21,Male,63,24.48,5916.21,Month-to-month,No,No,Credit card,8,3,0,No
CUST0372,52,Female,33,96.19,3547.71,One year,Fiber optic,No,Credit card,2,1,0,No
CUST0373,66,Male,41,114.66,5367.5,Month-to-month,DSL,No,Electronic check,4,2,1,Yes
CUST0374,34,Male,48,53.98,845.19,Month-to-month,DSL,No,Credit card,4,5,0,No
CUST0375,61,Male,13,71.72,6009.24,Two year,DSL,No,Electronic check,9,5,0,No
CUST0376,45,Female,31,57.89,6520.44,Two year,Fiber optic,Yes,Electronic check,6,3,0,No
CUST0377,47,Male,68,20.67,5684.02,One year,Fiber optic,Yes,Credit card,3,1,0,No
CUST0378,46,Female,4,58.59,7741.38,One year,DSL,No,Mailed check,3,4,0,No
CUST0379,63,Male,19,99.17,6630.55,One year,Fiber optic,No,Mailed check,6,1,1,Yes
CUST0380,23,Female,70,79.6,7234.44,Month-to-month,Fiber optic,Yes,Credit card,8,5,0,No
CUST0381,52,Female,13,30.13,7475.21,Month-to-month,Fiber optic,No,Mailed check,3,3,0,No
CUST0382,58,Male,23,104.71,6430.65,One year,Fiber optic,Yes,Bank transfer,3,2,1,Yes
CUST0383,54,Female,1,73.11,5426.64,One year,No,Yes,Bank transfer,5,1,1,Yes
CUST0384,41,Male,54,104.17,145.18,Month-to-month,DSL,Yes,Electronic check,5,5,1,Yes
CUST0385,46,Female,71,78.02,3780.02,Two year,No,No,Mailed check,6,4,1,Yes
CUST0386,66,Male,15,75.97,4612.18,Month-to-month,DSL,No,Bank transfer,0,3,1,Yes
CUST0387,63,Male,65,30.53,2501.84,Month-to-month,DSL,No,Credit card,2,2,1,Yes
CUST0388,48,Female,71,36.74,2613.03,One year,DSL,Yes,Mailed check,8,1,0,No
CUST0389,52,Male,15,117.2,7693.16,Month-to-month,DSL,Yes,Bank transfer,5,4,0,No
CUST0390,50,Male,21,42.85,7144.52,Month-to-month,DSL,Yes,Bank transfer,5,2,1,Yes
CUST0391,69,Female,19,117.75,6808.51,Month-to-month,DSL,No,Credit card,4,5,0,No
CUST0392,38,Male,60,73.19,3307.49,One year,No,Yes,Electronic check,2,5,0,No
CUST0393,49,Male,33,33.58,208.22,Month-to-month,DSL,Yes,Credit card,4,4,1,Yes
CUST0394,40,Female,49,29.93,733.76,One year,Fiber optic,No,Electronic check,0,5,0,No
CUST0395,50,Female,35,40.89,2566.35,One year,DSL,Yes,Bank transfer,2,3,0,No
CUST0396,20,Male,44,112.56,224.37,Month-to-month,No,Yes,Electronic check,3,4,0,No
CUST0397,35,Male,11,61.42,235.48,Two year,Fiber optic,No,Bank transfer,4,5,0,No
CUST0398,42,Female,66,59.54,7341.17,Month-to-month,DSL,No,Bank transfer,9,1,0,No
CUST0399,59,Female,46,51.32,5678.65,Two year,Fiber optic,Yes,Mailed check,8,5,1,Yes
CUST0400,48,Male,9,34.71,2540.75,One year,Fiber optic,No,Electronic check,3,3,0,No
CUST0401,20,Female,3,68.79,1147.89,Two year,Fiber optic,Yes,Electronic check,2,2,0,No
CUST0402,57,Male,26,33.0,4141.92,Month-to-month,Fiber optic,No,Electronic check,9,2,1,Yes
CUST0403,63,Male,48,103.55,142.23,Month-to-month,Fiber optic,Yes,Credit card,0,5,1,Yes
CUST0404,41,Male,66,57.04,7513.47,Month-to-month,Fiber optic,No,Mailed check,9,2,1,Yes
CUST0405,67,Male,70,57.48,3377.04,Month-to-month,Fiber optic,Yes,Mailed check,5,5,0,No
CUST0406,49,Male,28,67.4,3278.45,One year,DSL,No,Mailed check,6,3,1,Yes
CUST0407,64,Female,26,64.41,3185.69,Month-to-month,No,No,Credit card,9,2,1,Yes
CUST0408,39,Female,25,119.49,647.69,One year,DSL,No,Electronic check,7,1,1,Yes
CUST0409,40,Female,12,74.54,5142.75,Month-to-month,Fiber optic,No,Electronic check,0,5,0,No
CUST0410,19,Female,5,28.82,5890.73,Month-to-month,DSL,No,Electronic check,3,2,1,Yes
CUST0411,44,Male,48,80.69,5441.39,One year,Fiber optic,No,Mailed check,4,3,0,No
CUST0412,59,Male,37,35.16,1193.64,Month-to-month,No,No,Mailed check,1,3,0,No
CUST0413,19,Male,44,23.09,4672.84,One year,DSL,Yes,Bank transfer,0,1,1,Yes
CUST0414,43,Male,15,117.07,4598.93,One year,DSL,Yes,Credit card,7,3,1,Yes
CUST0415,34,Female,43,97.35,6960.45,Two year,Fiber optic,No,Credit card,5,3,0,No
CUST0416,57,Male,48,118.01,3095.11,Month-to-month,No,No,Mailed check,4,2,1,Yes
CUST0417,50,Male,70,67.79,3034.74,One year,Fiber optic,Yes,Bank transfer,8,5,0,No
CUST0418,26,Female,46,73.23,4986.36,Two year,DSL,Yes,Electronic check,1,4,0,No
CUST0419,60,Female,43,36.83,5101.27,One year,No,No,Mailed check,9,3,0,No
CUST0420,65,Female,21,44.69,3807.35,Month-to-month,Fiber optic,Yes,Credit card,7,3,1,Yes
CUST0421,56,Female,23,103.85,3600.17,One year,DSL,Yes,Credit card,9,4,0,No
CUST0422,46,Male,47,55.62,4003.77,One year,DSL,No,Credit card,8,3,0,No
CUST0423,59,Male,15,102.68,6902.26,One year,Fiber optic,No,Electronic check,0,2,0,No
CUST0424,43,Female,25,90.9,3743.22,Month-to-month,DSL,No,Credit card,6,2,0,No
CUST0425,52,Male,36,37.72,7525.46,Month-to-month,DSL,Yes,Electronic check,7,4,1,Yes
CUST0426,67,Male,51,70.74,4081.63,Two year,No,No,Electronic check,2,3,0,No
CUST0427,42,Male,15,87.74,7598.69,Month-to-month,DSL,No,Electronic check,3,3,0,No
CUST0428,41,Female,68,43.5,6679.37,One year,Fiber optic,Yes,Mailed check,2,5,0,No
CUST0429,30,Male,21,103.07,2963.21,Month-to-month,DSL,No,Electronic check,6,3,0,No
CUST0430,24,Female,13,74.48,6922.77,One year,Fiber optic,Yes,Bank transfer,8,2,1,Yes
CUST0431,53,Male,19,36.52,969.5,Month-to-month,Fiber optic,Yes,Credit card,2,1,1,Yes
CUST0432,62,Male,34,78.3,7407.87,Month-to-month,DSL,Yes,Mailed check,5,1,1,Yes
CUST0433,37,Male,68,119.97,5089.98,Two year,Fiber optic,Yes,Credit card,7,1,0,No
CUST0434,18,Female,52,35.05,529.69,Two year,DSL,Yes,Electronic check,5,1,0,No
CUST0435,25,Male,27,101.68,5189.63,One year,No,Yes,Mailed check,1,3,0,No
CUST0436,63,Female,29,40.73,7796.56,Month-to-month,No,No,Bank transfer,6,3,1,Yes
CUST0437,33,Female,28,98.24,651.43,One year,Fiber optic,No,Electronic check,1,5,0,No
CUST0438,31,Female,35,93.46,4482.03,One year,Fiber optic,No,Credit card,1,3,0,No
CUST0439,29,Male,8,50.05,6007.58,One year,DSL,Yes,Bank transfer,1,1,1,Yes
CUST0440,68,Male,16,52.58,6501.04,Month-to-month,Fiber optic,No,Electronic check,0,4,0,No
CUST0441,40,Male,36,99.25,3369.24,One year,DSL,Yes,Bank transfer,0,4,0,No
CUST0442,32,Male,30,66.14,1712.92,One year,DSL,No,Electronic check,6,2,0,No
CUST0443,45,Female,18,93.08,434.5,Two year,Fiber optic,Yes,Mailed check,4,2,1,Yes
CUST0444,51,Female,2,34.8,4679.84,Month-to-month,DSL,No,Electronic check,2,3,0,No
CUST0445,19,Female,49,105.26,3678.0,One year,Fiber optic,Yes,Mailed check,0,4,0,No
CUST0446,49,Male,4,91.09,7595.08,One year,DSL,No,Electronic check,9,1,0,No
CUST0447,40,Female,7,110.69,578.78,Month-to-month,Fiber optic,Yes,Electronic check,5,1,1,Yes
CUST0448,39,Male,39,33.24,5514.62,Month-to-month,DSL,No,Credit card,0,1,0,No
CUST0449,68,Female,13,79.3,297.23,Month-to-month,DSL,Yes,Bank transfer,8,3,1,Yes
CUST0450,42,Male,31,79.91,1454.33,Month-to-month,Fiber optic,No,Bank transfer,1,3,0,No
CUST0451,39,Male,71,55.35,3683.27,Month-to-month,No,No,Bank transfer,0,5,1,Yes
CUST0452,39,Female,63,65.85,3693.49,One year,Fiber optic,No,Electronic check,6,1,0,No
CUST0453,66,Female,56,23.8,5517.03,One year,DSL,Yes,Electronic check,5,1,1,Yes
CUST0454,69,Female,42,94.59,7290.68,One year,DSL,Yes,Electronic check,5,3,0,No
CUST0455,59,Female,61,74.93,5148.35,Two year,No,Yes,Mailed check,4,3,0,No
CUST0456,23,Male,42,25.77,7632.93,Month-to-month,Fiber optic,Yes,Mailed check,3,5,0,No
CUST0457,32,Female,56,88.08,7064.76,Month-to-month,DSL,Yes,Credit card,3,5,1,Yes
CUST0458,60,Female,36,66.68,4717.55,One year,No,No,Electronic check,2,2,0,No
CUST0459,54,Female,68,23.45,6686.96,Month-to-month,No,Yes,Bank transfer,9,4,0,No
CUST0460,50,Male,7,116.96,5176.36,Month-to-month,No,No,Bank transfer,7,1,1,Yes
CUST0461,25,Male,54,114.91,720.61,Month-to-month,No,No,Credit card,6,1,1,Yes
CUST0462,61,Female,1,71.29,5950.46,Month-to-month,No,Yes,Bank transfer,8,5,1,Yes
CUST0463,61,Male,44,29.37,849.78,Two year,DSL,No,Credit card,0,5,0,No
CUST0464,22,Female,45,95.46,4793.25,Month-to-month,DSL,Yes,Electronic check,6,2,1,Yes
CUST0465,56,Male,47,69.19,5650.86,Month-to-month,Fiber optic,Yes,Bank transfer,9,4,0,No
CUST0466,21,Male,13,50.24,625.57,Month-to-month,Fiber optic,Yes,Electronic check,3,2,0,No
CUST0467,23,Male,22,69.14,1923.28,One year,Fiber optic,No,Mailed check,6,4,0,No
CUST0468,62,Male,21,72.24,7333.81,Month-to-month,DSL,Yes,Bank transfer,0,1,1,Yes
CUST0469,49,Female,9,76.27,4968.88,One year,Fiber optic,Yes,Mailed check,4,2,0,No
CUST0470,69,Female,26,64.12,2045.66,Month-to-month,Fiber optic,Yes,Bank transfer,2,5,0,No
CUST0471,47,Female,9,80.58,5556.37,Month-to-month,DSL,No,Electronic check,4,2,0,No
CUST0472,64,Male,15,111.87,4814.53,One year,DSL,Yes,Credit card,3,2,0,No
CUST0473,52,Female,10,56.23,4062.45,Month-to-month,Fiber optic,No,Electronic check,1,1,1,Yes
CUST0474,57,Female,42,92.57,7811.88,Month-to-month,Fiber optic,No,Electronic check,3,5,0,No
CUST0475,69,Female,24,109.45,5499.28,Month-to-month,DSL,Yes,Electronic check,2,5,1,Yes
CUST0476,33,Male,49,65.6,3065.98,Two year,Fiber optic,No,Bank transfer,0,3,0,No
CUST0477,30,Male,26,64.35,6420.58,Month-to-month,Fiber optic,No,Credit card,9,3,0,No
CUST0478,67,Male,37,80.21,7088.21,One year,Fiber optic,Yes,Mailed check,7,3,0,No
CUST0479,59,Female,68,79.14,1089.24,Month-to-month,DSL,Yes,Electronic check,4,1,1,Yes
CUST0480,47,Female,50,100.66,1684.37,Month-to-month,Fiber optic,Yes,Bank transfer,3,2,1,Yes
CUST0481,36,Female,24,67.65,1808.19,Month-to-month,DSL,No,Mailed check,9,5,0,No
CUST0482,34,Male,19,119.61,5560.57,Two year,No,Yes,Electronic check,4,5,0,No
CUST0483,36,Male,60,25.95,4864.01,Month-to-month,DSL,No,Mailed check,3,2,1,Yes
CUST0484,45,Female,39,20.32,4990.03,Month-to-month,Fiber optic,No,Electronic check,2,5,0,No
CUST0485,43,Male,18,84.02,7532.11,Month-to-month,DSL,No,Mailed check,4,2,1,Yes
CUST0486,54,Male,19,49.84,6229.7,Month-to-month,Fiber optic,No,Mailed check,3,1,1,Yes
CUST0487,43,Male,36,44.04,1110.7,Month-to-month,Fiber optic,No,Credit card,0,1,1,Yes
CUST0488,40,Male,55,51.19,2845.31,One year,DSL,Yes,Credit card,2,1,1,Yes
CUST0489,26,Female,69,45.6,3539.61,Month-to-month,Fiber optic,Yes,Electronic check,9,2,1,Yes
CUST0490,29,Male,47,23.08,3228.1,Month-to-month,DSL,No,Bank transfer,9,2,0,No
CUST0491,18,Male,49,117.15,5387.54,One year,DSL,No,Credit card,7,4,0,No
CUST0492,18,Male,33,42.07,7145.96,Month-to-month,Fiber optic,Yes,Mailed check,6,5,1,Yes
CUST0493,64,Male,21,93.4,2517.81,Month-to-month,DSL,Yes,Credit card,1,5,0,No
CUST0494,51,Female,22,96.26,4459.83,Month-to-month,No,No,Credit card,0,4,1,Yes
CUST0495,49,Female,48,112.93,6336.33,One year,Fiber optic,No,Electronic check,2,4,0,No
CUST0496,65,Male,37,23.05,3388.12,Month-to-month,Fiber optic,Yes,Credit card,4,1,0,No
CUST0497,42,Male,15,107.2,1428.13,Month-to-month,DSL,Yes,Credit card,9,4,1,Yes
CUST0498,57,Male,35,72.72,3852.11,Month-to-month,Fiber optic,No,Mailed check,0,2,1,Yes
CUST0499,62,Male,71,83.25,536.26,One year,Fiber optic,Yes,Credit card,2,3,0,No
CUST0500,18,Male,32,84.45,7544.83,Month-to-month,DSL,Yes,Mailed check,2,2,1,Yes
CUST0501,33,Male,11,101.98,691.09,One year,No,No,Credit card,4,4,0,No
CUST0502,56,Female,10,53.34,3563.81,Two year,DSL,No,Credit card,2,5,0,No
CUST0503,22,Male,57,93.31,4286.06,One year,No,No,Bank transfer,8,2,1,Yes
CUST0504,39,Female,25,72.86,7883.9,Month-to-month,DSL,Yes,Credit card,0,5,1,Yes
CUST0505,46,Female,2,99.34,1411.57,Month-to-month,No,No,Mailed check,3,2,1,Yes
CUST0506,20,Male,64,119.05,1004.01,Month-to-month,Fiber optic,Yes,Mailed check,9,5,1,Yes
CUST0507,29,Female,35,40.07,168.78,Month-to-month,DSL,No,Electronic check,9,2,1,Yes
CUST0508,43,Female,7,119.46,1329.01,Month-to-month,DSL,No,Electronic check,3,5,0,No
CUST0509,33,Female,18,28.98,1737.46,One year,Fiber optic,Yes,Bank transfer,0,3,0,No
CUST0510,68,Female,67,20.23,5081.59,Month-to-month,No,Yes,Mailed check,1,1,0,No
CUST0511,54,Female,42,24.42,1835.68,Month-to-month,DSL,No,Mailed check,0,2,1,Yes
CUST0512,39,Female,39,54.18,262.11,One year,DSL,No,Mailed check,5,3,0,No
CUST0513,46,Male,41,83.29,6630.28,One year,Fiber optic,Yes,Bank transfer,2,1,0,No
CUST0514,31,Female,24,26.9,2988.21,Month-to-month,Fiber optic,No,Mailed check,6,2,1,Yes
CUST0515,45,Female,60,20.57,2894.2,Two year,Fiber optic,Yes,Electronic check,4,3,0,No
CUST0516,22,Female,46,113.71,2489.58,Month-to-month,Fiber optic,Yes,Bank transfer,8,3,0,No
CUST0517,64,Male,19,102.19,7805.45,One year,DSL,No,Electronic check,6,3,0,No
CUST0518,66,Female,68,100.92,1443.91,One year,No,Yes,Electronic check,3,4,0,No
CUST0519,47,Male,42,108.44,7196.08,One year,Fiber optic,Yes,Bank transfer,4,5,0,No
CUST0520,63,Female,32,90.0,6236.75,One year,DSL,Yes,Credit card,4,1,0,No
CUST0521,69,Male,39,30.44,704.19,Month-to-month,Fiber optic,No,Credit card,4,5,0,No
CUST0522,22,Male,36,59.91,7895.16,Month-to-month,Fiber optic,Yes,Electronic check,9,5,0,No
CUST0523,29,Female,36,92.31,2243.79,One year,DSL,No,Credit card,8,5,0,No
CUST0524,33,Female,3,48.03,878.81,Month-to-month,Fiber optic,No,Mailed check,9,3,0,No
CUST0525,43,Male,8,88.74,6651.58,Two year,DSL,No,Bank transfer,2,5,0,No
CUST0526,43,Female,70,22.45,5682.74,Month-to-month,Fiber optic,Yes,Electronic check,5,4,0,No
CUST0527,65,Male,41,50.61,4976.03,Month-to-month,No,Yes,Mailed check,7,2,1,Yes
CUST0528,38,Male,68,74.91,1332.25,Month-to-month,DSL,No,Credit card,8,3,1,Yes
CUST0529,56,Male,13,83.21,3880.12,Month-to-month,DSL,No,Mailed check,6,1,1,Yes
CUST0530,53,Male,49,77.7,6266.39,One year,No,Yes,Credit card,2,2,0,No
CUST0531,50,Male,60,89.78,2498.63,One year,No,No,Electronic check,0,2,0,No
CUST0532,47,Female,2,20.61,2562.35,One year,Fiber optic,No,Mailed check,3,2,1,Yes
CUST0533,54,Male,60,30.09,124.81,Two year,Fiber optic,Yes,Bank transfer,5,5,0,No
CUST0534,40,Male,5,106.89,1476.52,Two year,Fiber optic,No,Electronic check,2,5,0,No
CUST0535,27,Female,44,88.17,7015.7,Two year,No,Yes,Mailed check,0,3,0,No
CUST0536,22,Male,27,31.29,3589.8,Month-to-month,No,Yes,Mailed check,5,5,0,No
CUST0537,53,Female,32,104.21,7875.45,One year,DSL,No,Credit card,0,5,0,No
CUST0538,51,Female,21,44.22,3226.09,Month-to-month,Fiber optic,Yes,Electronic check,8,5,0,No
CUST0539,69,Female,8,67.83,5749.97,Month-to-month,Fiber optic,Yes,Electronic check,0,3,1,Yes
CUST0540,48,Male,50,34.52,2327.16,One year,Fiber optic,Yes,Electronic check,5,3,0,No
CUST0541,27,Male,67,91.01,2974.1,Month-to-month,Fiber optic,No,Electronic check,0,4,1,Yes
CUST0542,36,Male,44,86.69,1606.74,Month-to-month,Fiber optic,No,Credit card,6,4,1,Yes
CUST0543,49,Female,58,41.11,2841.79,Month-to-month,No,No,Bank transfer,2,4,1,Yes
CUST0544,18,Male,3,106.34,4423.18,Month-to-month,DSL,Yes,Electronic check,5,4,1,Yes
CUST0545,22,Female,70,60.13,7935.01,Two year,DSL,Yes,Credit card,6,2,1,Yes
CUST0546,62,Male,2,49.25,5347.19,Month-to-month,Fiber optic,No,Bank transfer,0,2,0,No
CUST0547,21,Female,44,35.23,1674.04,Month-to-month,DSL,No,Bank transfer,0,4,0,No
CUST0548,33,Male,2,46.62,455.2,Month-to-month,DSL,Yes,Credit card,4,4,1,Yes
CUST0549,41,Male,35,22.2,1098.22,Month-to-month,DSL,No,Electronic check,5,1,1,Yes
CUST0550,33,Male,30,78.33,4544.19,Two year,Fiber optic,No,Bank transfer,8,2,1,Yes
CUST0551,19,Female,8,104.22,6144.77,Month-to-month,No,No,Electronic check,0,1,1,Yes
CUST0552,66,Female,22,74.9,7529.31,One year,Fiber optic,No,Electronic check,3,1,1,Yes
CUST0553,45,Male,44,41.93,225.0,One year,Fiber optic,No,Mailed check,9,5,1,Yes
CUST0554,49,Male,58,23.37,4229.81,Two year,DSL,Yes,Electronic check,7,3,0,No
CUST0555,44,Female,36,41.46,3819.85,One year,Fiber optic,No,Mailed check,9,2,1,Yes
CUST0556,37,Female,69,61.61,5282.83,Two year,Fiber optic,No,Bank transfer,8,4,1,Yes
CUST0557,41,Female,31,95.96,4520.67,Month-to-month,Fiber optic,Yes,Credit card,2,4,0,No
CUST0558,29,Male,47,38.78,5527.61,Month-to-month,DSL,Yes,Mailed check,1,3,0,No
CUST0559,67,Female,55,91.98,5298.85,Month-to-month,DSL,Yes,Credit card,3,2,1,Yes
CUST0560,52,Male,62,106.69,1024.39,Two year,DSL,Yes,Bank transfer,1,4,0,No
CUST0561,50,Female,30,65.39,6417.77,Month-to-month,Fiber optic,No,Electronic check,0,4,0,No
CUST0562,50,Male,55,102.14,1073.54,Month-to-month,No,No,Bank transfer,2,5,0,No
CUST0563,68,Female,16,75.47,5618.39,Month-to-month,No,No,Credit card,6,1,1,Yes
CUST0564,60,Female,12,83.71,3387.55,Month-to-month,Fiber optic,No,Bank transfer,0,4,1,Yes
CUST0565,54,Female,17,72.63,4159.42,Month-to-month,Fiber optic,Yes,Electronic check,1,2,1,Yes
CUST0566,29,Female,16,66.32,7236.05,Two year,No,Yes,Bank transfer,0,3,0,No
CUST0567,20,Female,12,43.47,7130.08,Month-to-month,DSL,No,Electronic check,7,5,1,Yes
CUST0568,18,Male,8,50.32,6561.06,One year,DSL,No,Mailed check,4,2,0,No
CUST0569,50,Female,3,49.0,4130.17,One year,No,No,Credit card,7,5,0,No
CUST0570,57,Female,16,76.33,5916.29,Month-to-month,DSL,No,Electronic check,2,1,0,No
CUST0571,27,Female,30,32.0,4151.89,Month-to-month,No,Yes,Electronic check,6,4,1,Yes
CUST0572,60,Male,23,111.68,6969.89,Month-to-month,No,No,Bank transfer,7,2,1,Yes
CUST0573,61,Female,5,92.07,3281.93,Month-to-month,Fiber optic,Yes,Mailed check,5,3,0,No
CUST0574,46,Male,65,60.14,7764.86,One year,No,Yes,Electronic check,6,1,0,No
CUST0575,30,Female,30,35.86,7465.35,Month-to-month,Fiber optic,Yes,Mailed check,1,1,1,Yes
CUST0576,29,Female,21,108.2,5958.66,Month-to-month,Fiber optic,Yes,Mailed check,7,5,0,No
CUST0577,48,Male,70,102.38,2307.39,One year,DSL,No,Bank transfer,4,1,0,No
CUST0578,63,Female,22,92.17,1140.06,Two year,DSL,No,Electronic check,6,2,1,Yes
CUST0579,19,Male,32,47.15,6852.16,Two year,DSL,No,Bank transfer,0,5,0,No
CUST0580,68,Male,33,60.24,1405.89,Two year,Fiber optic,No,Credit card,4,1,0,No
CUST0581,67,Female,16,30.27,6848.66,One year,DSL,Yes,Credit card,0,3,0,No
CUST0582,52,Male,38,38.9,3977.04,Month-to-month,DSL,Yes,Electronic check,7,2,1,Yes
CUST0583,40,Female,14,98.3,3311.8,One year,DSL,Yes,Mailed check,3,3,0,No
CUST0584,34,Female,36,91.5,7235.21,Month-to-month,Fiber optic,No,Electronic check,3,3,0,No
CUST0585,43,Male,23,79.35,4870.42,One year,No,Yes,Electronic check,1,5,0,No
CUST0586,25,Male,66,109.57,4655.25,One year,No,Yes,Credit card,4,4,0,No
CUST0587,46,Male,2,78.33,4514.25,Month-to-month,Fiber optic,Yes,Credit card,0,5,0,No
CUST0588,43,Male,65,66.7,3032.24,One year,No,Yes,Mailed check,8,2,1,Yes
CUST0589,27,Female,67,54.04,6306.58,Two year,Fiber optic,No,Mailed check,4,2,0,No
CUST0590,43,Female,52,114.04,2097.11,Month-to-month,Fiber optic,Yes,Electronic check,5,5,1,Yes
CUST0591,51,Male,62,28.27,7517.27,Two year,Fiber optic,Yes,Bank transfer,1,4,0,No
CUST0592,68,Female,23,113.09,7162.48,Month-to-month,DSL,No,Electronic check,9,5,0,No
CUST0593,58,Female,26,102.67,2766.09,One year,No,No,Mailed check,9,2,1,Yes
CUST0594,24,Female,68,32.99,5862.76,Month-to-month,DSL,No,Bank transfer,0,4,1,Yes
CUST0595,21,Female,55,76.5,4628.46,One year,Fiber optic,Yes,Credit card,3,2,0,No
CUST0596,67,Male,6,106.65,2767.43,Two year,Fiber optic,Yes,Mailed check,6,4,0,No
CUST0597,62,Male,35,77.18,7909.32,Two year,DSL,Yes,Mailed check,5,4,1,Yes
CUST0598,28,Female,22,110.72,299.38,One year,DSL,Yes,Bank transfer,9,5,0,No
CUST0599,46,Male,43,114.3,2095.9,Month-to-month,Fiber optic,No,Mailed check,0,5,0,No
CUST0600,53,Male,15,62.24,4208.59,Two year,DSL,Yes,Mailed check,0,5,0,No
CUST0601,42,Male,60,57.73,4223.43,Month-to-month,Fiber optic,Yes,Mailed check,7,4,1,Yes
CUST0602,38,Female,12,113.63,4752.57,Two year,Fiber optic,No,Mailed check,3,4,0,No
CUST0603,53,Female,49,87.51,6038.24,Month-to-month,Fiber optic,No,Mailed check,4,2,0,No
CUST0604,27,Female,42,31.6,5025.47,Month-to-month,Fiber optic,No,Mailed check,6,3,0,No
CUST0605,54,Male,38,24.23,4842.22,One year,Fiber optic,Yes,Mailed check,7,5,0,No
CUST0606,26,Female,45,76.46,522.76,Month-to-month,Fiber optic,Yes,Mailed check,9,2,1,Yes
CUST0607,41,Female,35,113.02,3074.59,Month-to-month,Fiber optic,Yes,Credit card,6,2,1,Yes
CUST0608,52,Male,30,104.42,1933.24,Month-to-month,Fiber optic,Yes,Mailed check,1,1,0,No
CUST0609,66,Female,30,87.58,2196.42,Month-to-month,Fiber optic,Yes,Credit card,3,5,0,No
CUST0610,52,Female,6,33.91,4479.27,Month-to-month,No,No,Credit card,9,2,1,Yes
CUST0611,65,Male,67,45.42,1676.09,Month-to-month,DSL,No,Electronic check,0,1,1,Yes
CUST0612,53,Male,7,107.55,2422.2,Month-to-month,Fiber optic,Yes,Electronic check,9,5,1,Yes
CUST0613,35,Male,52,38.28,1972.97,Month-to-month,No,Yes,Credit card,8,4,1,Yes
CUST0614,66,Female,14,47.84,7593.17,One year,DSL,Yes,Credit card,2,1,1,Yes
CUST0615,56,Female,15,32.96,7562.86,Month-to-month,DSL,Yes,Mailed check,2,4,1,Yes
CUST0616,49,Female,21,87.61,4918.54,Two year,Fiber optic,Yes,Electronic check,9,3,0,No
CUST0617,41,Male,35,114.4,7403.73,Two year,DSL,No,Bank transfer,8,3,0,No
CUST0618,40,Male,66,46.9,6307.92,Month-to-month,DSL,No,Electronic check,9,3,1,Yes
CUST0619,49,Female,2,67.54,4760.59,One year,No,No,Credit card,2,3,0,No
CUST0620,54,Female,35,83.43,150.84,Two year,Fiber optic,Yes,Credit card,7,2,1,Yes
CUST0621,29,Male,20,119.95,6202.88,Two year,DSL,Yes,Mailed check,1,3,0,No
CUST0622,66,Male,10,30.48,5649.66,One year,No,No,Mailed check,2,2,1,Yes
CUST0623,30,Male,25,69.86,4960.5,Month-to-month,No,No,Electronic check,1,2,1,Yes
CUST0624,40,Male,66,58.51,6107.35,One year,Fiber optic,Yes,Mailed check,0,5,0,No
CUST0625,42,Female,25,106.58,4152.09,One year,DSL,No,Bank transfer,1,2,1,Yes
CUST0626,52,Male,54,67.6,5662.26,One year,No,No,Bank transfer,7,2,0,No
CUST0627,58,Female,33,31.1,7487.86,Month-to-month,Fiber optic,Yes,Mailed check,8,3,0,No
CUST0628,47,Female,36,83.44,3068.86,Two year,Fiber optic,No,Bank transfer,1,2,1,Yes
CUST0629,34,Female,14,97.08,5694.16,Two year,No,No,Bank transfer,6,4,0,No
CUST0630,66,Male,65,20.29,3857.93,Month-to-month,Fiber optic,No,Electronic check,4,3,0,No
CUST0631,37,Male,54,105.9,5427.76,Month-to-month,DSL,Yes,Bank transfer,2,1,1,Yes
CUST0632,65,Male,52,38.6,6126.86,Month-to-month,Fiber optic,No,Credit card,8,3,1,Yes
CUST0633,42,Male,3,75.21,459.07,Two year,DSL,No,Credit card,5,2,1,Yes
CUST0634,39,Female,41,61.58,5208.14,One year,Fiber optic,No,Electronic check,0,4,0,No
CUST0635,30,Male,6,91.97,1891.26,One year,Fiber optic,Yes,Mailed check,4,3,0,No
CUST0636,36,Male,25,57.12,5393.26,Month-to-month,DSL,Yes,Electronic check,6,4,0,No
CUST0637,66,Female,13,106.98,3799.81,One year,Fiber optic,No,Mailed check,3,1,0,No
CUST0638,53,Male,8,93.05,6211.07,Month-to-month,DSL,Yes,Mailed check,7,1,1,Yes
CUST0639,29,Female,21,84.77,1074.87,Month-to-month,DSL,No,Mailed check,9,5,0,No
CUST0640,58,Female,68,99.62,5047.95,One year,Fiber optic,Yes,Mailed check,4,5,0,No
CUST0641,36,Female,25,95.4,2299.92,Two year,DSL,Yes,Mailed check,8,3,0,No
CUST0642,29,Female,68,23.59,6838.56,Two year,Fiber optic,No,Electronic check,8,5,0,No
CUST0643,26,Female,45,59.47,7434.23,Two year,DSL,No,Mailed check,8,4,0,No
CUST0644,24,Female,60,113.08,7971.55,Month-to-month,Fiber optic,No,Bank transfer,0,5,1,Yes
CUST0645,45,Female,12,32.57,6388.46,Month-to-month,No,Yes,Bank transfer,1,4,0,No
CUST0646,31,Female,32,93.71,6054.5,One year,Fiber optic,No,Mailed check,2,5,0,No
CUST0647,48,Male,13,117.46,1802.46,Two year,Fiber optic,Yes,Bank transfer,3,5,0,No
CUST0648,69,Male,31,25.22,2754.46,Month-to-month,No,Yes,Credit card,9,5,1,Yes
CUST0649,36,Male,20,88.22,3778.89,Month-to-month,DSL,No,Electronic check,8,2,1,Yes
CUST0650,64,Male,18,66.82,6209.71,Month-to-month,DSL,Yes,Electronic check,9,2,1,Yes
CUST0651,33,Female,60,77.92,7328.23,One year,Fiber optic,No,Mailed check,5,5,0,No
CUST0652,22,Male,63,28.53,1594.2,Month-to-month,DSL,Yes,Mailed check,0,4,0,No
CUST0653,52,Female,6,24.3,7386.7,Month-to-month,No,No,Credit card,8,3,1,Yes
CUST0654,29,Male,32,86.69,5595.43,Month-to-month,DSL,Yes,Mailed check,5,1,1,Yes
CUST0655,42,Male,43,102.33,4925.09,Month-to-month,Fiber optic,Yes,Bank transfer,3,2,1,Yes
CUST0656,69,Male,2,98.2,1678.75,Two year,Fiber optic,No,Credit card,3,5,0,No
CUST0657,38,Female,60,74.38,538.65,Month-to-month,DSL,Yes,Bank transfer,2,1,1,Yes
CUST0658,53,Male,23,29.99,4590.87,One year,Fiber optic,No,Electronic check,6,2,1,Yes
CUST0659,40,Female,31,88.8,5246.97,One year,DSL,Yes,Bank transfer,2,3,0,No
CUST0660,33,Female,5,44.19,1765.17,Two year,Fiber optic,Yes,Electronic check,1,4,0,No
CUST0661,56,Male,34,111.11,4496.0,Month-to-month,DSL,Yes,Bank transfer,9,5,0,No
CUST0662,62,Male,10,103.83,6866.3,Two year,No,No,Electronic check,7,3,1,Yes
CUST0663,59,Male,2,90.94,6697.02,One year,No,No,Mailed check,3,2,0,No
CUST0664,56,Female,11,114.88,7426.11,Two year,DSL,No,Bank transfer,7,5,0,No
CUST0665,31,Male,50,23.14,2990.5,Two year,DSL,No,Electronic check,0,1,0,No
CUST0666,48,Female,31,93.62,2612.59,Month-to-month,Fiber optic,No,Bank transfer,4,4,0,No
CUST0667,22,Female,56,53.02,6020.47,Month-to-month,DSL,Yes,Credit card,8,2,1,Yes
CUST0668,52,Male,9,110.61,3505.79,Month-to-month,No,Yes,Mailed check,0,4,0,No
CUST0669,40,Male,21,46.67,791.63,One year,Fiber optic,No,Electronic check,3,5,0,No
CUST0670,46,Female,28,92.49,2334.13,Month-to-month,DSL,Yes,Credit card,5,3,0,No
CUST0671,60,Female,62,107.76,3406.8,Month-to-month,No,Yes,Bank transfer,9,4,0,No
CUST0672,28,Female,7,24.17,2410.88,Month-to-month,Fiber optic,Yes,Credit card,7,1,1,Yes
CUST0673,35,Male,16,59.76,2724.42,Month-to-month,No,Yes,Bank transfer,2,2,1,Yes
CUST0674,64,Female,4,96.23,2420.83,Month-to-month,No,No,Mailed check,4,1,1,Yes
CUST0675,29,Male,4,65.49,427.84,Month-to-month,DSL,Yes,Credit card,6,4,0,No
CUST0676,26,Female,40,46.73,5133.05,Month-to-month,DSL,No,Mailed check,0,3,0,No
CUST0677,27,Female,17,41.98,4818.61,Month-to-month,No,No,Electronic check,6,3,0,No
CUST0678,61,Male,52,33.15,5261.73,Month-to-month,No,Yes,Bank transfer,7,1,1,Yes
CUST0679,34,Female,52,105.71,1619.25,Month-to-month,DSL,No,Bank transfer,7,5,0,No
CUST0680,55,Male,36,77.54,2435.67,Two year,No,Yes,Mailed check,8,5,0,No
CUST0681,24,Male,38,27.64,4994.97,One year,Fiber optic,Yes,Mailed check,5,3,1,Yes
CUST0682,63,Female,50,58.26,4837.06,Month-to-month,DSL,Yes,Electronic check,5,1,1,Yes
CUST0683,30,Male,63,56.77,4100.01,Month-to-month,No,No,Credit card,1,1,1,Yes
CUST0684,57,Male,63,38.17,2868.26,Two year,DSL,No,Bank transfer,2,1,1,Yes
CUST0685,59,Female,62,63.55,7312.15,Two year,No,No,Bank transfer,3,4,0,No
CUST0686,26,Male,7,53.21,2784.18,Two year,DSL,Yes,Electronic check,3,5,0,No
CUST0687,67,Male,27,54.18,3699.39,One year,Fiber optic,Yes,Electronic check,7,5,0,No
CUST0688,44,Male,14,93.9,5457.1,Month-to-month,DSL,Yes,Mailed check,0,4,1,Yes
CUST0689,19,Female,71,42.33,4389.87,Month-to-month,Fiber optic,No,Mailed check,9,2,1,Yes
CUST0690,22,Male,5,84.19,2840.4,Month-to-month,Fiber optic,Yes,Credit card,3,4,0,No
CUST0691,46,Female,55,77.06,3541.59,Two year,DSL,Yes,Electronic check,3,1,0,No
CUST0692,54,Female,2,76.81,6376.4,One year,Fiber optic,No,Credit card,0,4,0,No
CUST0693,55,Male,62,86.3,2297.22,One year,Fiber optic,No,Electronic check,2,1,1,Yes
CUST0694,36,Male,21,74.84,1223.82,Month-to-month,DSL,No,Bank transfer,4,3,1,Yes
CUST0695,25,Male,21,107.93,2573.99,Two year,No,Yes,Electronic check,5,1,1,Yes
CUST0696,65,Female,10,87.56,6811.32,Month-to-month,DSL,Yes,Electronic check,8,5,0,No
CUST0697,62,Male,58,74.7,803.02,Month-to-month,Fiber optic,Yes,Bank transfer,8,4,0,No
CUST0698,18,Male,39,102.98,7934.4,Month-to-month,Fiber optic,No,Electronic check,8,1,0,No
CUST0699,39,Male,5,80.61,4373.92,One year,Fiber optic,No,Credit card,0,2,0,No
CUST0700,69,Male,65,49.11,7880.28,Month-to-month,DSL,No,Mailed check,8,3,1,Yes
CUST0701,34,Male,13,40.71,7518.07,Two year,Fiber optic,No,Mailed check,7,2,0,No
CUST0702,24,Female,53,35.23,3677.23,Month-to-month,Fiber optic,Yes,Credit card,1,2,0,No
CUST0703,42,Female,45,109.95,1668.08,One year,Fiber optic,Yes,Bank transfer,0,2,1,Yes
CUST0704,62,Male,32,91.01,1402.59,One year,No,Yes,Electronic check,0,3,0,No
CUST0705,21,Male,36,113.74,1995.92,Month-to-month,Fiber optic,Yes,Credit card,5,3,0,No
CUST0706,53,Male,60,80.33,5710.05,Two year,DSL,Yes,Mailed check,8,3,0,No
CUST0707,23,Male,11,67.34,2256.3,One year,DSL,Yes,Mailed check,6,3,0,No
CUST0708,48,Female,63,25.97,2797.26,One year,DSL,Yes,Credit card,4,2,0,No
CUST0709,36,Male,21,87.16,3645.35,Two year,DSL,Yes,Mailed check,1,5,0,No
CUST0710,61,Female,52,78.22,7314.54,One year,DSL,No,Credit card,0,5,0,No
CUST0711,56,Female,55,119.02,1596.21,Month-to-month,DSL,No,Mailed check,1,3,0,No
CUST0712,44,Male,26,43.92,139.71,One year,DSL,Yes,Credit card,0,4,0,No
CUST0713,27,Female,68,73.07,574.76,Month-to-month,DSL,No,Electronic check,2,1,0,No
CUST0714,43,Female,34,85.1,7247.65,Month-to-month,DSL,Yes,Electronic check,5,4,1,Yes
CUST0715,36,Female,52,84.46,5215.38,Month-to-month,DSL,Yes,Electronic check,7,4,1,Yes
CUST0716,56,Female,52,76.13,2257.02,One year,DSL,No,Electronic check,2,4,0,No
CUST0717,20,Male,29,97.69,1499.82,One year,Fiber optic,Yes,Mailed check,9,5,0,No
CUST0718,62,Male,38,40.5,2424.71,Month-to-month,Fiber optic,Yes,Bank transfer,8,1,1,Yes
CUST0719,30,Female,42,92.56,1006.9,One year,DSL,Yes,Credit card,9,4,0,No
CUST0720,67,Male,21,81.97,7538.11,Two year,Fiber optic,Yes,Bank transfer,4,3,0,No
CUST0721,45,Male,42,109.61,6295.23,Month-to-month,DSL,Yes,Mailed check,6,5,1,Yes
CUST0722,37,Male,13,104.72,3752.89,Month-to-month,DSL,Yes,Mailed check,7,3,0,No
CUST0723,45,Male,64,51.51,6933.2,One year,DSL,Yes,Bank transfer,2,3,0,No
CUST0724,25,Male,17,47.62,2070.72,Month-to-month,Fiber optic,No,Bank transfer,1,4,0,No
CUST0725,58,Female,9,118.17,5765.25,One year,Fiber optic,No,Mailed check,1,3,0,No
CUST0726,56,Male,41,72.73,6863.45,Month-to-month,DSL,Yes,Mailed check,4,1,0,No
CUST0727,18,Male,1,110.64,2918.47,Month-to-month,DSL,No,Credit card,0,3,0,No
CUST0728,20,Male,2,36.39,6083.97,One year,No,Yes,Electronic check,1,4,0,No
CUST0729,30,Male,60,84.28,2431.07,One year,DSL,Yes,Electronic check,8,3,0,No
CUST0730,45,Female,48,100.99,2460.97,Two year,DSL,Yes,Credit card,6,5,0,No
CUST0731,66,Female,29,114.74,945.75,Two year,No,Yes,Bank transfer,5,5,0,No
CUST0732,42,Female,10,53.73,3576.46,One year,No,No,Mailed check,8,5,0,No
CUST0733,50,Female,58,92.5,5864.72,One year,Fiber optic,No,Bank transfer,6,2,1,Yes
CUST0734,55,Male,60,73.88,7527.74,Month-to-month,Fiber optic,No,Electronic check,4,5,0,No
CUST0735,23,Female,21,26.06,4870.0,One year,DSL,No,Electronic check,8,5,0,No
CUST0736,61,Male,28,89.0,6918.77,Month-to-month,DSL,Yes,Bank transfer,5,2,1,Yes
CUST0737,62,Male,34,89.01,6597.71,Two year,Fiber optic,No,Electronic check,5,5,0,No
CUST0738,49,Male,8,113.06,1469.41,Month-to-month,DSL,Yes,Mailed check,3,4,1,Yes
CUST0739,62,Male,59,69.73,3937.96,One year,Fiber optic,Yes,Credit card,0,5,0,No
CUST0740,64,Male,49,43.03,1023.7,Month-to-month,No,No,Bank transfer,4,5,0,No
CUST0741,38,Female,17,24.46,5489.01,One year,No,Yes,Mailed check,8,2,1,Yes
CUST0742,33,Female,60,61.56,7604.21,Two year,DSL,No,Mailed check,7,4,1,Yes
CUST0743,38,Female,45,50.19,1183.01,Month-to-month,Fiber optic,No,Electronic check,7,3,0,No
CUST0744,28,Female,69,96.11,5897.68,Two year,Fiber optic,No,Mailed check,4,1,1,Yes
CUST0745,54,Male,32,55.43,5094.68,Month-to-month,No,No,Bank transfer,8,4,1,Yes
CUST0746,53,Female,44,114.91,4710.48,One year,DSL,No,Mailed check,2,3,0,No
CUST0747,52,Male,65,116.23,3181.95,Two year,DSL,Yes,Credit card,2,4,0,No
CUST0748,36,Female,8,82.09,2905.54,Month-to-month,DSL,No,Mailed check,0,3,1,Yes
CUST0749,37,Male,43,112.87,457.47,Two year,DSL,No,Mailed check,8,3,1,Yes
CUST0750,35,Male,1,96.09,1821.48,Month-to-month,DSL,Yes,Credit card,5,4,0,No
CUST0751,64,Female,51,74.69,219.9,Month-to-month,Fiber optic,No,Mailed check,1,2,0,No
CUST0752,58,Male,24,38.03,4693.2,Two year,Fiber optic,No,Mailed check,7,4,0,No
CUST0753,66,Male,24,65.86,936.24,Month-to-month,DSL,Yes,Electronic check,8,4,0,No
CUST0754,31,Female,17,76.09,6996.85,Two year,Fiber optic,Yes,Bank transfer,8,3,0,No
CUST0755,32,Male,5,106.4,4232.83,Two year,DSL,No,Electronic check,1,1,0,No
CUST0756,48,Female,20,68.13,5627.55,Month-to-month,No,Yes,Bank transfer,1,3,0,No
CUST0757,18,Female,21,109.77,3345.77,One year,No,No,Credit card,6,5,1,Yes
CUST0758,20,Female,58,87.43,4528.58,Month-to-month,No,Yes,Credit card,3,4,0,No
CUST0759,33,Male,31,33.7,7547.01,Month-to-month,No,No,Credit card,0,4,0,No
CUST0760,40,Male,11,119.5,753.6,Month-to-month,DSL,No,Bank transfer,7,2,1,Yes
CUST0761,28,Male,52,72.72,2106.11,Month-to-month,DSL,No,Bank transfer,1,3,0,No
CUST0762,29,Female,15,59.19,6261.91,Month-to-month,Fiber optic,Yes,Bank transfer,2,2,0,No
CUST0763,27,Male,7,85.91,880.02,Month-to-month,No,No,Credit card,4,4,1,Yes
CUST0764,49,Female,28,30.89,697.72,Two year,DSL,Yes,Bank transfer,2,3,0,No
CUST0765,33,Female,51,83.65,2956.18,Two year,DSL,No,Mailed check,6,3,1,Yes
CUST0766,25,Male,58,69.82,828.13,One year,No,No,Electronic check,6,5,0,No
CUST0767,55,Female,5,60.67,4722.12,One year,DSL,No,Credit card,1,5,0,No
CUST0768,29,Male,5,115.3,1887.57,Two year,Fiber optic,No,Electronic check,6,1,1,Yes
CUST0769,41,Male,8,72.25,7176.01,Month-to-month,Fiber optic,No,Mailed check,5,5,1,Yes
CUST0770,45,Male,64,41.91,6289.65,One year,DSL,Yes,Bank transfer,9,3,0,No
CUST0771,25,Male,10,65.9,5627.67,Two year,DSL,Yes,Electronic check,8,5,0,No
CUST0772,45,Male,38,111.94,4973.86,Month-to-month,Fiber optic,Yes,Mailed check,8,1,1,Yes
CUST0773,53,Female,8,37.61,6921.38,One year,Fiber optic,No,Mailed check,1,4,0,No
CUST0774,43,Female,25,41.4,1862.19,Two year,No,No,Electronic check,6,5,1,Yes
CUST0775,25,Female,66,21.3,6997.56,Two year,DSL,Yes,Credit card,4,3,0,No
CUST0776,67,Male,50,21.42,6336.99,One year,DSL,No,Electronic check,5,4,0,No
CUST0777,45,Male,67,102.94,6010.47,Month-to-month,Fiber optic,No,Credit card,0,3,1,Yes
CUST0778,45,Male,49,93.21,4533.92,Month-to-month,Fiber optic,No,Bank transfer,6,4,0,No
CUST0779,54,Female,36,55.5,2045.33,Month-to-month,DSL,Yes,Credit card,5,3,1,Yes
CUST0780,58,Male,68,89.83,3446.03,One year,Fiber optic,Yes,Bank transfer,3,5,0,No
CUST0781,53,Female,41,59.52,6369.21,Month-to-month,DSL,Yes,Electronic check,0,5,0,No
CUST0782,44,Female,62,115.29,351.05,Two year,DSL,Yes,Bank transfer,8,1,1,Yes
CUST0783,34,Male,10,116.71,6278.2,Month-to-month,DSL,Yes,Mailed check,3,4,0,No
CUST0784,26,Male,21,59.28,1996.56,Month-to-month,DSL,No,Bank transfer,1,1,1,Yes
CUST0785,50,Female,36,105.42,1240.04,Month-to-month,Fiber optic,No,Credit card,7,2,1,Yes
CUST0786,37,Male,12,97.31,1014.04,One year,Fiber optic,No,Credit card,1,5,0,No
CUST0787,30,Female,2,51.0,315.28,Month-to-month,Fiber optic,No,Credit card,4,4,1,Yes
CUST0788,45,Male,13,43.2,4236.33,Month-to-month,No,Yes,Bank transfer,5,1,1,Yes
CUST0789,65,Male,53,65.82,1824.25,Month-to-month,DSL,Yes,Credit card,7,1,1,Yes
CUST0790,46,Female,32,98.13,7916.51,Month-to-month,DSL,No,Credit card,0,2,1,Yes
CUST0791,30,Male,16,116.02,4638.05,Month-to-month,DSL,Yes,Mailed check,0,1,1,Yes
CUST0792,63,Female,32,96.36,1189.29,Two year,DSL,No,Bank transfer,3,3,0,No
CUST0793,52,Male,32,105.52,5541.22,One year,Fiber optic,No,Mailed check,4,5,0,No
CUST0794,23,Female,11,80.31,7192.17,Month-to-month,Fiber optic,No,Credit card,8,1,1,Yes
CUST0795,35,Female,10,103.54,5986.92,Two year,Fiber optic,No,Credit card,6,1,0,No
CUST0796,68,Male,15,98.44,703.87,Two year,DSL,Yes,Credit card,6,2,1,Yes
CUST0797,22,Female,17,57.7,7177.49,One year,DSL,No,Bank transfer,7,3,1,Yes
CUST0798,64,Male,40,75.2,6372.04,One year,Fiber optic,Yes,Electronic check,4,1,1,Yes
CUST0799,42,Male,18,100.48,1350.6,Two year,DSL,No,Credit card,4,5,0,No
CUST0800,19,Male,55,24.61,509.11,Two year,Fiber optic,No,Credit card,0,5,0,No
CUST0801,27,Female,25,100.81,4502.75,One year,No,No,Credit card,8,1,0,No
CUST0802,47,Female,59,37.79,1332.68,Month-to-month,DSL,No,Credit card,5,3,1,Yes
CUST0803,67,Male,22,71.47,6693.27,One year,Fiber optic,Yes,Bank transfer,8,5,0,No
CUST0804,62,Male,30,100.83,2930.84,One year,Fiber optic,No,Electronic check,2,5,0,No
CUST0805,22,Female,44,45.38,7311.85,Month-to-month,DSL,Yes,Electronic check,4,3,1,Yes
CUST0806,50,Male,32,44.58,4568.94,Month-to-month,Fiber optic,No,Electronic check,1,3,0,No
CUST0807,18,Male,51,60.28,1543.11,Two year,DSL,No,Credit card,9,1,1,Yes
CUST0808,35,Female,46,109.46,1202.83,One year,DSL,No,Credit card,4,4,0,No
CUST0809,49,Male,21,20.04,4654.13,Month-to-month,Fiber optic,Yes,Electronic check,7,2,1,Yes
CUST0810,64,Female,32,110.14,6118.88,One year,No,No,Electronic check,1,4,0,No
CUST0811,66,Male,39,35.38,6273.89,Month-to-month,DSL,No,Credit card,7,4,0,No
CUST0812,28,Female,12,119.01,2278.48,Month-to-month,DSL,No,Credit card,3,5,0,No
CUST0813,38,Male,47,115.48,1713.55,One year,No,No,Mailed check,9,3,1,Yes
CUST0814,43,Male,18,69.47,232.37,Month-to-month,No,No,Mailed check,9,5,1,Yes
CUST0815,42,Female,21,71.27,5465.67,Month-to-month,Fiber optic,Yes,Mailed check,0,2,0,No
CUST0816,39,Male,13,68.15,704.89,Two year,DSL,Yes,Electronic check,4,1,1,Yes
CUST0817,44,Female,21,83.54,3424.01,Month-to-month,No,No,Bank transfer,0,2,1,Yes
CUST0818,66,Male,8,29.07,4853.29,Month-to-month,DSL,No,Credit card,6,5,0,No
CUST0819,30,Female,46,23.26,7503.16,Two year,Fiber optic,Yes,Mailed check,7,5,0,No
CUST0820,50,Female,7,25.77,2563.24,One year,DSL,No,Bank transfer,2,5,0,No
CUST0821,51,Female,23,64.44,2073.2,One year,Fiber optic,Yes,Credit card,2,5,0,No
CUST0822,58,Female,22,47.55,5267.87,Two year,DSL,No,Bank transfer,6,4,1,Yes
CUST0823,52,Male,22,82.2,4991.99,Month-to-month,Fiber optic,No,Electronic check,3,1,1,Yes
CUST0824,18,Male,29,119.24,2723.67,One year,DSL,Yes,Electronic check,2,4,0,No
CUST0825,38,Female,13,58.63,7432.0,One year,DSL,No,Electronic check,7,5,0,No
CUST0826,65,Female,2,77.38,6774.41,Two year,Fiber optic,Yes,Mailed check,2,3,0,No
CUST0827,23,Female,29,61.56,1869.46,One year,No,Yes,Credit card,6,4,1,Yes
CUST0828,45,Male,52,104.73,1989.23,One year,No,Yes,Electronic check,1,5,0,No
CUST0829,34,Male,27,110.22,4147.17,Month-to-month,DSL,No,Mailed check,0,5,1,Yes
CUST0830,22,Male,50,107.74,6211.22,Month-to-month,Fiber optic,Yes,Mailed check,5,1,1,Yes
CUST0831,48,Male,23,117.44,447.92,One year,Fiber optic,Yes,Mailed check,7,2,1,Yes
CUST0832,22,Female,44,22.75,5577.35,One year,DSL,No,Mailed check,0,4,0,No
CUST0833,55,Female,22,103.98,5221.06,One year,DSL,No,Electronic check,9,4,1,Yes
CUST0834,20,Female,43,95.18,1928.69,Month-to-month,Fiber optic,No,Mailed check,8,4,0,No
CUST0835,40,Male,37,42.87,5482.69,One year,No,No,Electronic check,2,5,0,No
CUST0836,54,Male,61,115.63,7527.45,One year,Fiber optic,No,Electronic check,2,1,1,Yes
CUST0837,54,Male,56,34.82,469.61,Two year,Fiber optic,No,Mailed check,3,5,0,No
CUST0838,27,Female,3,87.95,2625.25,One year,Fiber optic,Yes,Electronic check,0,5,0,No
CUST0839,27,Female,63,42.49,3561.6,Two year,DSL,No,Credit card,8,3,1,Yes
CUST0840,36,Male,19,63.14,7204.16,Two year,Fiber optic,Yes,Credit card,2,1,0,No
CUST0841,34,Female,23,91.92,7701.87,One year,Fiber optic,No,Bank transfer,9,4,0,No
CUST0842,38,Male,29,76.33,3608.51,One year,DSL,Yes,Credit card,3,2,1,Yes
CUST0843,31,Male,30,62.75,6025.22,Two year,No,Yes,Electronic check,0,4,0,No
CUST0844,26,Female,39,52.63,4300.12,One year,DSL,No,Electronic check,3,5,0,No
CUST0845,63,Male,25,103.97,4348.49,Two year,No,No,Credit card,0,1,0,No
CUST0846,18,Female,8,34.38,2296.99,One year,DSL,Yes,Mailed check,4,1,1,Yes
CUST0847,68,Male,58,63.01,1813.95,One year,DSL,No,Mailed check,4,1,0,No
CUST0848,62,Female,16,110.38,2375.24,Month-to-month,DSL,No,Electronic check,6,3,1,Yes
CUST0849,30,Female,1,104.58,4494.99,Month-to-month,Fiber optic,Yes,Mailed check,7,4,1,Yes
CUST0850,21,Female,5,60.09,330.33,Two year,DSL,Yes,Bank transfer,3,3,0,No
CUST0851,18,Male,3,96.31,7267.27,One year,Fiber optic,Yes,Bank transfer,6,2,0,No
CUST0852,66,Male,65,102.32,1334.64,One year,Fiber optic,No,Credit card,3,5,0,No
CUST0853,57,Female,4,108.89,1838.7,Two year,Fiber optic,No,Credit card,2,3,0,No
CUST0854,49,Female,64,74.45,4194.38,One year,DSL,No,Mailed check,5,3,0,No
CUST0855,51,Male,10,40.45,5709.91,One year,Fiber optic,No,Electronic check,3,5,0,No
CUST0856,45,Male,21,45.53,856.26,One year,DSL,Yes,Credit card,2,1,1,Yes
CUST0857,48,Male,46,49.57,2609.79,One year,Fiber optic,No,Bank transfer,8,5,1,Yes
CUST0858,25,Female,27,79.38,7752.53,Month-to-month,DSL,Yes,Credit card,4,4,0,No
CUST0859,56,Male,66,23.28,2172.51,Month-to-month,No,No,Credit card,6,5,0,No
CUST0860,43,Male,41,83.6,2573.1,Month-to-month,Fiber optic,No,Bank transfer,5,1,1,Yes
CUST0861,51,Female,13,56.44,6708.34,Month-to-month,Fiber optic,Yes,Electronic check,9,5,1,Yes
CUST0862,20,Male,9,49.52,496.69,One year,Fiber optic,No,Credit card,4,3,1,Yes
CUST0863,67,Male,36,107.95,3770.44,Month-to-month,DSL,No,Credit card,6,2,1,Yes
CUST0864,29,Male,58,66.0,3098.97,Month-to-month,DSL,Yes,Credit card,5,3,0,No
CUST0865,18,Female,54,29.51,2601.04,Month-to-month,No,No,Mailed check,9,2,1,Yes
CUST0866,61,Female,12,102.67,2357.03,Month-to-month,No,Yes,Credit card,1,5,1,Yes
CUST0867,22,Female,14,24.76,821.86,One year,DSL,Yes,Bank transfer,2,4,0,No
CUST0868,47,Female,34,92.67,2587.12,Two year,Fiber optic,Yes,Electronic check,1,5,0,No
CUST0869,47,Female,53,97.39,440.11,One year,Fiber optic,Yes,Electronic check,2,1,1,Yes
CUST0870,34,Female,20,55.26,6269.61,Month-to-month,Fiber optic,No,Bank transfer,0,5,1,Yes
CUST0871,65,Female,16,102.48,3246.0,Month-to-month,DSL,No,Mailed check,7,2,1,Yes
CUST0872,64,Male,70,71.57,3606.84,Month-to-month,DSL,No,Bank transfer,5,3,1,Yes
CUST0873,40,Male,56,66.33,7159.4,One year,DSL,Yes,Electronic check,1,4,0,No
CUST0874,32,Female,58,24.54,5298.63,Month-to-month,No,No,Bank transfer,7,5,0,No
CUST0875,54,Male,4,49.0,163.67,One year,Fiber optic,No,Mailed check,5,5,1,Yes
CUST0876,38,Male,4,113.1,7551.08,Month-to-month,Fiber optic,No,Electronic check,6,3,0,No
CUST0877,31,Female,20,59.18,1973.44,Two year,No,No,Mailed check,0,4,0,No
CUST0878,19,Male,10,74.67,950.15,Month-to-month,Fiber optic,Yes,Bank transfer,6,5,0,No
CUST0879,28,Male,24,73.2,6168.21,Month-to-month,No,Yes,Credit card,2,5,0,No
CUST0880,68,Male,26,79.04,4053.77,Two year,Fiber optic,No,Bank transfer,7,2,1,Yes
CUST0881,56,Male,37,26.13,3526.79,Month-to-month,DSL,Yes,Mailed check,5,2,1,Yes
CUST0882,55,Male,54,56.22,2071.07,Month-to-month,No,No,Bank transfer,3,1,1,Yes
CUST0883,51,Female,21,92.31,4425.02,One year,Fiber optic,No,Credit card,7,3,0,No
CUST0884,55,Female,38,40.06,2267.64,One year,DSL,No,Mailed check,8,4,0,No
CUST0885,67,Female,46,40.36,7222.51,One year,DSL,Yes,Bank transfer,9,5,1,Yes
CUST0886,51,Male,4,21.01,1800.12,Month-to-month,DSL,No,Mailed check,1,5,0,No
CUST0887,35,Female,60,63.75,7086.41,Month-to-month,Fiber optic,Yes,Mailed check,5,1,0,No
CUST0888,47,Male,57,108.27,4519.3,Month-to-month,No,Yes,Electronic check,4,5,0,No
CUST0889,32,Male,45,25.19,6645.06,Month-to-month,No,No,Electronic check,4,3,0,No
CUST0890,44,Male,20,39.11,5731.48,Two year,No,Yes,Mailed check,9,1,1,Yes
CUST0891,68,Male,17,51.01,5603.89,One year,DSL,Yes,Bank transfer,2,3,0,No
CUST0892,51,Female,71,93.17,2662.33,Month-to-month,DSL,No,Bank transfer,7,1,1,Yes
CUST0893,69,Female,4,84.06,1947.79,One year,DSL,Yes,Bank transfer,7,5,0,No
CUST0894,55,Male,14,61.59,1766.0,Month-to-month,No,Yes,Credit card,4,1,1,Yes
CUST0895,50,Female,3,95.91,6871.81,Two year,DSL,No,Mailed check,7,2,0,No
CUST0896,41,Male,58,80.96,6581.37,Month-to-month,Fiber optic,No,Mailed check,9,4,1,Yes
CUST0897,32,Female,55,109.6,3580.53,Month-to-month,Fiber optic,Yes,Credit card,7,5,1,Yes
CUST0898,47,Female,4,101.8,1146.0,One year,Fiber optic,No,Mailed check,2,4,0,No
CUST0899,59,Male,24,45.28,3119.79,One year,DSL,No,Mailed check,1,5,0,No
CUST0900,68,Female,34,47.14,4992.81,One year,No,Yes,Credit card,8,4,0,No
CUST0901,34,Male,30,32.54,3689.78,Month-to-month,No,Yes,Electronic check,1,2,1,Yes
CUST0902,22,Female,19,53.7,6263.5,Month-to-month,DSL,No,Mailed check,8,4,1,Yes
CUST0903,46,Male,31,119.95,7981.22,Month-to-month,Fiber optic,Yes,Credit card,3,1,1,Yes
CUST0904,21,Male,60,60.58,1609.94,Month-to-month,No,No,Bank transfer,1,4,1,Yes
CUST0905,27,Female,60,42.05,3731.24,Two year,DSL,No,Electronic check,9,5,0,No
CUST0906,34,Female,19,96.25,3504.77,Month-to-month,Fiber optic,Yes,Bank transfer,0,3,0,No
CUST0907,27,Male,49,74.25,2505.49,Month-to-month,DSL,Yes,Mailed check,3,4,0,No
CUST0908,34,Female,63,34.96,1664.95,One year,Fiber optic,No,Electronic check,8,4,0,No
CUST0909,37,Female,22,58.07,618.97,Month-to-month,DSL,No,Credit card,8,4,1,Yes
CUST0910,41,Male,24,61.45,7108.24,One year,Fiber optic,No,Mailed check,3,5,0,No
CUST0911,22,Male,30,95.38,3416.8,Two year,DSL,No,Credit card,8,4,0,No
CUST0912,51,Female,58,22.07,4025.47,Month-to-month,Fiber optic,Yes,Electronic check,5,5,1,Yes
CUST0913,23,Male,31,46.9,7343.84,Two year,No,No,Bank transfer,0,5,0,No
CUST0914,19,Male,64,71.76,6232.69,One year,No,Yes,Mailed check,9,3,0,No
CUST0915,30,Male,19,46.88,1130.96,Month-to-month,No,Yes,Mailed check,5,1,0,No
CUST0916,60,Female,48,82.84,4566.82,Month-to-month,Fiber optic,No,Credit card,8,5,1,Yes
CUST0917,60,Female,45,68.19,3593.79,Month-to-month,DSL,Yes,Electronic check,1,2,1,Yes
CUST0918,65,Male,55,56.17,6397.97,One year,DSL,Yes,Credit card,5,4,0,No
CUST0919,28,Female,55,114.92,5821.44,One year,No,No,Electronic check,1,2,1,Yes
CUST0920,68,Male,18,83.22,5554.21,Two year,DSL,Yes,Mailed check,3,4,0,No
CUST0921,64,Female,63,32.99,2790.3,Two year,DSL,Yes,Electronic check,7,3,0,No
CUST0922,40,Male,47,76.01,6459.21,One year,Fiber optic,No,Mailed check,6,5,0,No
CUST0923,33,Male,57,98.07,513.89,One year,DSL,No,Electronic check,8,1,1,Yes
CUST0924,48,Female,45,90.85,1361.04,Month-to-month,DSL,No,Bank transfer,6,5,1,Yes
CUST0925,28,Male,33,37.21,2751.42,One year,No,No,Electronic check,0,4,0,No
CUST0926,33,Female,17,117.24,706.78,Month-to-month,No,No,Bank transfer,1,1,1,Yes
CUST0927,25,Female,70,64.88,1956.45,One year,Fiber optic,No,Electronic check,5,5,0,No
CUST0928,21,Male,4,35.9,6658.19,Month-to-month,No,No,Electronic check,6,1,1,Yes
CUST0929,57,Male,20,38.02,7591.19,Month-to-month,Fiber optic,Yes,Credit card,2,4,1,Yes
CUST0930,21,Female,47,29.82,2506.36,Month-to-month,Fiber optic,Yes,Credit card,8,3,1,Yes
CUST0931,42,Male,15,100.35,2189.67,Month-to-month,DSL,No,Mailed check,6,3,1,Yes
CUST0932,20,Male,70,32.2,2311.15,One year,DSL,Yes,Credit card,5,5,0,No
CUST0933,49,Male,47,32.51,2293.98,Month-to-month,Fiber optic,Yes,Electronic check,5,2,1,Yes
CUST0934,20,Male,9,105.05,383.85,One year,No,No,Credit card,0,4,1,Yes
CUST0935,44,Male,16,54.46,7422.64,Month-to-month,Fiber optic,Yes,Electronic check,4,5,0,No
CUST0936,46,Female,69,23.09,1788.22,One year,DSL,No,Bank transfer,9,5,0,No
CUST0937,49,Female,61,25.19,3418.03,Month-to-month,DSL,Yes,Electronic check,2,3,0,No
CUST0938,67,Male,10,34.22,176.53,Month-to-month,No,No,Mailed check,6,1,1,Yes
CUST0939,68,Male,50,41.34,6877.85,One year,DSL,Yes,Bank transfer,9,4,0,No
CUST0940,36,Male,3,86.51,5876.14,Month-to-month,Fiber optic,Yes,Mailed check,2,1,1,Yes
CUST0941,38,Female,70,35.73,7579.37,Month-to-month,DSL,Yes,Mailed check,4,4,1,Yes
CUST0942,22,Male,51,31.89,6274.76,Month-to-month,DSL,No,Mailed check,6,2,1,Yes
CUST0943,35,Female,19,96.47,2578.28,Month-to-month,Fiber optic,Yes,Credit card,2,3,0,No
CUST0944,45,Female,42,87.11,2058.2,One year,Fiber optic,Yes,Mailed check,9,2,0,No
CUST0945,59,Female,35,63.53,5611.96,Month-to-month,DSL,No,Bank transfer,1,5,0,No
CUST0946,39,Male,46,74.93,2976.49,One year,DSL,No,Electronic check,5,3,0,No
CUST0947,38,Female,26,51.2,4573.1,Two year,No,Yes,Mailed check,7,5,0,No
CUST0948,23,Male,69,68.25,149.43,Month-to-month,DSL,Yes,Bank transfer,3,2,1,Yes
CUST0949,18,Female,64,70.67,588.9,Two year,Fiber optic,Yes,Mailed check,8,4,0,No
CUST0950,22,Male,37,58.72,4329.41,One year,No,Yes,Electronic check,7,5,1,Yes
CUST0951,58,Female,49,110.66,4571.97,One year,DSL,No,Bank transfer,6,1,1,Yes
CUST0952,29,Male,21,21.61,6036.48,One year,No,Yes,Bank transfer,6,4,0,No
CUST0953,43,Female,64,98.22,1142.53,One year,DSL,Yes,Electronic check,2,4,0,No
CUST0954,63,Male,5,32.44,4154.15,One year,Fiber optic,No,Bank transfer,5,2,1,Yes
CUST0955,51,Male,70,99.75,1636.14,Month-to-month,DSL,Yes,Electronic check,4,2,0,No
CUST0956,66,Male,4,81.59,836.25,Month-to-month,No,Yes,Bank transfer,0,3,1,Yes
CUST0957,31,Male,39,104.33,3342.92,Month-to-month,DSL,Yes,Bank transfer,2,3,1,Yes
CUST0958,43,Female,35,29.75,1390.36,Month-to-month,DSL,No,Electronic check,0,1,1,Yes
CUST0959,62,Female,1,75.9,1852.08,Month-to-month,No,No,Electronic check,3,4,1,Yes
CUST0960,44,Male,24,70.11,2608.68,Month-to-month,Fiber optic,Yes,Bank transfer,9,1,1,Yes
CUST0961,26,Female,57,90.62,2149.17,Month-to-month,Fiber optic,Yes,Bank transfer,2,1,1,Yes
CUST0962,43,Male,70,73.43,791.97,One year,DSL,No,Electronic check,3,2,1,Yes
CUST0963,64,Male,41,74.07,810.34,Two year,Fiber optic,Yes,Credit card,8,1,1,Yes
CUST0964,39,Female,54,62.96,1626.67,Two year,DSL,Yes,Electronic check,2,1,0,No
CUST0965,64,Male,46,50.88,499.42,Month-to-month,DSL,No,Bank transfer,5,5,1,Yes
CUST0966,47,Male,60,68.23,5049.01,One year,Fiber optic,No,Bank transfer,5,3,0,No
CUST0967,60,Female,60,31.85,2369.88,Two year,DSL,No,Bank transfer,6,3,1,Yes
CUST0968,65,Male,57,116.15,2309.99,Month-to-month,No,Yes,Electronic check,8,4,1,Yes
CUST0969,34,Male,31,91.44,2722.79,Month-to-month,No,Yes,Bank transfer,6,3,1,Yes
CUST0970,43,Male,24,115.25,5336.09,Two year,Fiber optic,Yes,Credit card,0,4,0,No
CUST0971,53,Male,36,42.67,6978.01,One year,No,Yes,Mailed check,7,5,0,No
CUST0972,18,Female,30,107.93,6096.79,Month-to-month,Fiber optic,No,Credit card,4,3,0,No
CUST0973,25,Female,24,100.88,5847.48,Month-to-month,DSL,Yes,Electronic check,8,5,0,No
CUST0974,66,Female,30,87.72,3926.69,Month-to-month,Fiber optic,Yes,Bank transfer,9,3,0,No
CUST0975,52,Male,7,82.5,5581.06,Two year,DSL,No,Electronic check,4,3,0,No
CUST0976,69,Male,35,51.65,4466.82,One year,DSL,No,Mailed check,4,5,0,No
CUST0977,32,Female,55,101.64,1808.38,Month-to-month,No,Yes,Electronic check,1,1,0,No
CUST0978,64,Male,14,70.15,1747.85,Month-to-month,Fiber optic,No,Bank transfer,2,1,0,No
CUST0979,39,Male,10,27.09,2441.5,One year,No,No,Mailed check,9,1,1,Yes
CUST0980,31,Male,16,51.29,7295.34,One year,DSL,Yes,Mailed check,8,1,0,No
CUST0981,43,Male,54,113.53,4424.58,Month-to-month,Fiber optic,Yes,Bank transfer,6,3,1,Yes
CUST0982,45,Female,70,105.07,5897.85,Two year,DSL,Yes,Bank transfer,0,2,1,Yes
CUST0983,40,Female,44,118.19,2837.81,Month-to-month,Fiber optic,Yes,Bank transfer,2,5,1,Yes
CUST0984,31,Female,45,82.8,3320.95,Month-to-month,Fiber optic,No,Electronic check,1,2,0,No
CUST0985,41,Male,56,44.75,1091.97,One year,Fiber optic,No,Credit card,0,2,0,No
CUST0986,19,Female,57,36.28,1453.23,Month-to-month,DSL,Yes,Electronic check,8,4,0,No
CUST0987,62,Female,21,38.69,6636.12,Two year,DSL,Yes,Electronic check,7,1,1,Yes
CUST0988,43,Male,68,21.98,4720.23,One year,DSL,No,Credit card,4,3,0,No
CUST0989,31,Male,50,59.07,2766.51,One year,Fiber optic,Yes,Bank transfer,1,1,1,Yes
CUST0990,68,Female,33,39.14,6442.52,Month-to-month,No,Yes,Bank transfer,0,1,0,No
CUST0991,24,Female,7,61.17,2047.51,Month-to-month,DSL,Yes,Credit card,6,2,1,Yes
CUST0992,20,Female,70,113.5,7810.66,Month-to-month,Fiber optic,Yes,Credit card,1,4,1,Yes
CUST0993,64,Female,15,63.05,2824.06,One year,No,No,Electronic check,0,1,1,Yes
CUST0994,40,Male,32,107.8,2764.76,One year,Fiber optic,Yes,Mailed check,1,5,0,No
CUST0995,63,Female,20,80.55,2564.1,Two year,Fiber optic,No,Credit card,6,5,0,No
CUST0996,60,Female,15,44.71,1064.68,One year,No,Yes,Electronic check,6,1,1,Yes
CUST0997,64,Male,48,55.59,977.98,Two year,DSL,Yes,Mailed check,9,2,1,Yes
CUST0998,62,Female,71,28.39,5220.03,One year,DSL,No,Bank transfer,5,2,0,No
CUST0999,35,Male,21,53.35,7013.43,Month-to-month,DSL,Yes,Bank transfer,4,3,0,No
CUST1000,55,Male,42,87.75,6345.11,Month-to-month,No,No,Electronic check,2,4,0,No
